[{"__type__":"cc.SpriteFrame","content":{"name":"点击@2x","texture":"d4ThUYRsFAkKWNGOahjmM3","rect":[2,2,79,89],"offset":[0,0],"originalSize":[83,93],"capInsets":[0,0,0,0]}},[{"__type__":"cc.Prefab","_name":"Tip","data":{"__id__":1}},{"__type__":"cc.Node","_name":"Tip","_children":[{"__id__":2}],"_components":[{"__type__":"cc.Sprite","node":{"__id__":1},"_materials":[{"__uuid__":"ecpdLyjvZBwrvm+cedCcQy"}],"_spriteFrame":{"__uuid__":"31cfqm7FJLr67XgWy+KV7/"}},{"__type__":"cc.Animation","node":{"__id__":1},"_enabled":false,"_defaultClip":{"__uuid__":"4coPznClRAcIJn9lzVF3C8"},"_clips":[{"__uuid__":"4coPznClRAcIJn9lzVF3C8"}],"playOnLoad":true},{"__type__":"d6853XDnZZA1Iq7Sh+4EBEX","node":{"__id__":1},"text":{"__id__":2}}],"_prefab":{"__type__":"cc.PrefabInfo","root":{"__id__":1},"asset":{"__uuid__":"96QxsaNWJDJ7+1tvBZvehk"},"fileId":"92Dhm47O5C2pAT1L4TEiCE"},"_color":{"__type__":"cc.Color","r":255,"g":194},"_contentSize":{"__type__":"cc.Size","width":79,"height":89},"_trs":{"__type__":"TypedArray","ctor":"Float64Array","array":[189.7429962158203,-241,0,0,0,0,1,1,1,1]}},{"__type__":"cc.Node","_name":"New Label","_parent":{"__id__":1},"_components":[{"__type__":"cc.Label","node":{"__id__":2},"_materials":[{"__uuid__":"ecpdLyjvZBwrvm+cedCcQy"}],"_useOriginalSize":false,"_string":"获得E金币","_N$string":"获得E金币","_fontSize":30,"_N$horizontalAlign":1,"_N$verticalAlign":1}],"_prefab":{"__type__":"cc.PrefabInfo","root":{"__id__":1},"asset":{"__uuid__":"96QxsaNWJDJ7+1tvBZvehk"},"fileId":"e9L2heqdxLJ6sB32YzYDV/"},"_color":{"__type__":"cc.Color","r":255,"g":194},"_contentSize":{"__type__":"cc.Size","width":140.01,"height":50.4},"_trs":{"__type__":"TypedArray","ctor":"Float64Array","array":[0,-73.0979995727539,0,0,0,0,1,1,1,1]}}]]