[{"__type__":"cc.BitmapFont","_name":"matchTxt","spriteFrame":{"__uuid__":"e4icHPv1BF9YZy/tirLyme"},"fontSize":36,"_fntConfig":{"commonHeight":36,"fontSize":36,"atlasName":"matchTxt_0.png","fontDefDictionary":{"37":{"rect":{"x":35,"y":172,"width":29,"height":28},"xOffset":-3,"yOffset":5,"xAdvance":23},"46":{"rect":{"x":45,"y":201,"width":13,"height":11},"xOffset":-3,"yOffset":22,"xAdvance":7},"48":{"rect":{"x":0,"y":204,"width":22,"height":28},"xOffset":-3,"yOffset":5,"xAdvance":15},"49":{"rect":{"x":239,"y":104,"width":16,"height":28},"xOffset":-2,"yOffset":5,"xAdvance":15},"50":{"rect":{"x":230,"y":169,"width":22,"height":28},"xOffset":-3,"yOffset":5,"xAdvance":15},"51":{"rect":{"x":114,"y":171,"width":23,"height":28},"xOffset":-4,"yOffset":5,"xAdvance":15},"52":{"rect":{"x":65,"y":172,"width":24,"height":28},"xOffset":-4,"yOffset":5,"xAdvance":15},"53":{"rect":{"x":207,"y":169,"width":22,"height":28},"xOffset":-3,"yOffset":5,"xAdvance":15},"54":{"rect":{"x":184,"y":171,"width":22,"height":28},"xOffset":-3,"yOffset":5,"xAdvance":15},"55":{"rect":{"x":90,"y":171,"width":23,"height":28},"xOffset":-4,"yOffset":5,"xAdvance":15},"56":{"rect":{"x":161,"y":171,"width":22,"height":28},"xOffset":-3,"yOffset":5,"xAdvance":15},"57":{"rect":{"x":138,"y":171,"width":22,"height":28},"xOffset":-3,"yOffset":5,"xAdvance":15},"58":{"rect":{"x":242,"y":70,"width":13,"height":23},"xOffset":-3,"yOffset":10,"xAdvance":7},"117":{"rect":{"x":23,"y":204,"width":21,"height":23},"xOffset":-2,"yOffset":10,"xAdvance":16},"19975":{"rect":{"x":0,"y":172,"width":34,"height":31},"xOffset":-3,"yOffset":4,"xAdvance":28},"19978":{"rect":{"x":207,"y":137,"width":34,"height":31},"xOffset":-3,"yOffset":3,"xAdvance":28},"19979":{"rect":{"x":0,"y":139,"width":34,"height":32},"xOffset":-3,"yOffset":4,"xAdvance":28},"20013":{"rect":{"x":33,"y":70,"width":32,"height":34},"xOffset":-2,"yOffset":2,"xAdvance":28},"20313":{"rect":{"x":70,"y":35,"width":34,"height":34},"xOffset":-3,"yOffset":2,"xAdvance":28},"20892":{"rect":{"x":105,"y":35,"width":34,"height":34},"xOffset":-3,"yOffset":2,"xAdvance":28},"20998":{"rect":{"x":169,"y":104,"width":34,"height":32},"xOffset":-3,"yOffset":3,"xAdvance":28},"21097":{"rect":{"x":140,"y":35,"width":34,"height":34},"xOffset":-3,"yOffset":2,"xAdvance":28},"21363":{"rect":{"x":105,"y":138,"width":32,"height":32},"xOffset":-2,"yOffset":4,"xAdvance":28},"21517":{"rect":{"x":210,"y":35,"width":33,"height":34},"xOffset":-3,"yOffset":2,"xAdvance":28},"22823":{"rect":{"x":66,"y":70,"width":35,"height":33},"xOffset":-4,"yOffset":2,"xAdvance":28},"22825":{"rect":{"x":70,"y":138,"width":34,"height":32},"xOffset":-3,"yOffset":4,"xAdvance":28},"22870":{"rect":{"x":207,"y":70,"width":34,"height":33},"xOffset":-3,"yOffset":2,"xAdvance":28},"22987":{"rect":{"x":175,"y":35,"width":34,"height":34},"xOffset":-3,"yOffset":2,"xAdvance":28},"23567":{"rect":{"x":35,"y":35,"width":34,"height":34},"xOffset":-3,"yOffset":2,"xAdvance":28},"24180":{"rect":{"x":172,"y":70,"width":34,"height":33},"xOffset":-3,"yOffset":2,"xAdvance":28},"24320":{"rect":{"x":204,"y":104,"width":34,"height":32},"xOffset":-3,"yOffset":4,"xAdvance":28},"25253":{"rect":{"x":0,"y":35,"width":34,"height":34},"xOffset":-3,"yOffset":2,"xAdvance":28},"26085":{"rect":{"x":138,"y":138,"width":28,"height":32},"xOffset":0,"yOffset":4,"xAdvance":28},"26102":{"rect":{"x":137,"y":70,"width":34,"height":33},"xOffset":-3,"yOffset":2,"xAdvance":28},"26376":{"rect":{"x":137,"y":104,"width":31,"height":33},"xOffset":-3,"yOffset":3,"xAdvance":28},"27599":{"rect":{"x":213,"y":0,"width":34,"height":34},"xOffset":-3,"yOffset":2,"xAdvance":28},"27665":{"rect":{"x":104,"y":104,"width":32,"height":33},"xOffset":-1,"yOffset":3,"xAdvance":28},"31186":{"rect":{"x":37,"y":0,"width":35,"height":34},"xOffset":-4,"yOffset":2,"xAdvance":28},"34892":{"rect":{"x":178,"y":0,"width":34,"height":34},"xOffset":-3,"yOffset":2,"xAdvance":28},"36187":{"rect":{"x":143,"y":0,"width":34,"height":34},"xOffset":-3,"yOffset":2,"xAdvance":28},"36194":{"rect":{"x":0,"y":0,"width":36,"height":34},"xOffset":-4,"yOffset":2,"xAdvance":28},"36755":{"rect":{"x":108,"y":0,"width":34,"height":34},"xOffset":-3,"yOffset":2,"xAdvance":28},"36827":{"rect":{"x":102,"y":70,"width":34,"height":33},"xOffset":-3,"yOffset":2,"xAdvance":28},"38047":{"rect":{"x":73,"y":0,"width":34,"height":34},"xOffset":-3,"yOffset":2,"xAdvance":28},"38388":{"rect":{"x":0,"y":70,"width":32,"height":34},"xOffset":-2,"yOffset":2,"xAdvance":28},"38480":{"rect":{"x":70,"y":104,"width":33,"height":33},"xOffset":-2,"yOffset":3,"xAdvance":28},"38548":{"rect":{"x":0,"y":105,"width":34,"height":33},"xOffset":-3,"yOffset":3,"xAdvance":28},"39041":{"rect":{"x":35,"y":139,"width":34,"height":32},"xOffset":-3,"yOffset":3,"xAdvance":28},"39069":{"rect":{"x":35,"y":105,"width":34,"height":33},"xOffset":-3,"yOffset":2,"xAdvance":28},"65288":{"rect":{"x":167,"y":138,"width":19,"height":32},"xOffset":6,"yOffset":5,"xAdvance":28},"65289":{"rect":{"x":187,"y":137,"width":19,"height":32},"xOffset":3,"yOffset":5,"xAdvance":28},"65306":{"rect":{"x":242,"y":133,"width":12,"height":23},"xOffset":8,"yOffset":10,"xAdvance":28}},"kerningDict":{}}},{"__type__":"cc.SpriteFrame","content":{"name":"matchTxt_0","texture":"edUoeNq5NGc77ZfB6VsRpu","rect":[4,4,247,224],"offset":[-0.5,12],"originalSize":[256,256],"capInsets":[0,0,0,0]}}]