[[{"__type__":"cc.Prefab","_name":"rank_item","data":{"__id__":1}},{"__type__":"cc.Node","_name":"rank_item","_children":[{"__id__":2},{"__id__":3},{"__id__":4},{"__id__":5},{"__id__":7},{"__id__":8},{"__id__":9},{"__id__":10},{"__id__":12},{"__id__":14},{"__id__":16},{"__id__":18},{"__id__":20},{"__id__":22}],"_components":[{"__type__":"cc.Sprite","node":{"__id__":1},"_materials":[{"__uuid__":"ecpdLyjvZBwrvm+cedCcQy"}],"_spriteFrame":{"__uuid__":"35KRNXuqpG2LdrElXpDGFm"}},{"__type__":"14b43iMplRMfqTo8IKLwLlb","node":{"__id__":1},"icon_1":{"__id__":2},"icon_2":{"__id__":3},"icon_3":{"__id__":4},"icon_head":{"__id__":6},"label_name":{"__id__":11},"label_level":{"__id__":13},"label_canchu":{"__id__":15},"label_life":{"__id__":17},"label_linli":{"__id__":19},"label_zhanli":{"__id__":21},"label_num":{"__id__":23}}],"_prefab":{"__type__":"cc.PrefabInfo","root":{"__id__":1},"asset":{"__uuid__":"03BtTZzN1FDIwX382XvX6O"},"fileId":"87Rs+J3i9M+pVzEC7rR6vn"},"_contentSize":{"__type__":"cc.Size","width":780,"height":110},"_trs":{"__type__":"TypedArray","ctor":"Float64Array","array":[0,-58.359,0,0,0,0,1,1,1,1]}},{"__type__":"cc.Node","_name":"icon_1","_parent":{"__id__":1},"_components":[{"__type__":"cc.Sprite","node":{"__id__":2},"_materials":[{"__uuid__":"ecpdLyjvZBwrvm+cedCcQy"}],"_spriteFrame":{"__uuid__":"d3kJOWXKdEEoH1F2ItSvE/"}}],"_prefab":{"__type__":"cc.PrefabInfo","root":{"__id__":1},"asset":{"__uuid__":"03BtTZzN1FDIwX382XvX6O"},"fileId":"0b7+9dre1Dr4KIO3At3pQO"},"_contentSize":{"__type__":"cc.Size","width":61,"height":53},"_trs":{"__type__":"TypedArray","ctor":"Float64Array","array":[-330.703,0,0,0,0,0,1,1,1,1]}},{"__type__":"cc.Node","_name":"icon_2","_parent":{"__id__":1},"_components":[{"__type__":"cc.Sprite","node":{"__id__":3},"_materials":[{"__uuid__":"ecpdLyjvZBwrvm+cedCcQy"}],"_spriteFrame":{"__uuid__":"b3GZjnH+9GaaKtvXc88PPN"}}],"_prefab":{"__type__":"cc.PrefabInfo","root":{"__id__":1},"asset":{"__uuid__":"03BtTZzN1FDIwX382XvX6O"},"fileId":"fa8h/hoz5A/YGtgD5h8XcI"},"_contentSize":{"__type__":"cc.Size","width":61,"height":53},"_trs":{"__type__":"TypedArray","ctor":"Float64Array","array":[-330.703,0,0,0,0,0,1,1,1,1]}},{"__type__":"cc.Node","_name":"icon_3","_parent":{"__id__":1},"_components":[{"__type__":"cc.Sprite","node":{"__id__":4},"_materials":[{"__uuid__":"ecpdLyjvZBwrvm+cedCcQy"}],"_spriteFrame":{"__uuid__":"83DrPaCblMW4vMi7xe7AZc"}}],"_prefab":{"__type__":"cc.PrefabInfo","root":{"__id__":1},"asset":{"__uuid__":"03BtTZzN1FDIwX382XvX6O"},"fileId":"bdrgMOCoxFPKyfe7q+KZaR"},"_contentSize":{"__type__":"cc.Size","width":61,"height":53},"_trs":{"__type__":"TypedArray","ctor":"Float64Array","array":[-330.703,0,0,0,0,0,1,1,1,1]}},{"__type__":"cc.Node","_name":"icon_head","_parent":{"__id__":1},"_components":[{"__id__":6}],"_prefab":{"__type__":"cc.PrefabInfo","root":{"__id__":1},"asset":{"__uuid__":"03BtTZzN1FDIwX382XvX6O"},"fileId":"56RceuCqBHYr7xQkSHqMey"},"_contentSize":{"__type__":"cc.Size","width":75,"height":76},"_trs":{"__type__":"TypedArray","ctor":"Float64Array","array":[-221.765,0,0,0,0,0,1,1,1,1]}},{"__type__":"cc.Sprite","node":{"__id__":5},"_materials":[{"__uuid__":"ecpdLyjvZBwrvm+cedCcQy"}],"_spriteFrame":{"__uuid__":"8aLTjphGtJrqqM1DUKtvHL"}},{"__type__":"cc.Node","_name":"icon_life","_parent":{"__id__":1},"_components":[{"__type__":"cc.Sprite","node":{"__id__":7},"_materials":[{"__uuid__":"ecpdLyjvZBwrvm+cedCcQy"}],"_spriteFrame":{"__uuid__":"44S0B7/l5MQLIzz8CSob2c"},"_sizeMode":0}],"_prefab":{"__type__":"cc.PrefabInfo","root":{"__id__":1},"asset":{"__uuid__":"03BtTZzN1FDIwX382XvX6O"},"fileId":"12SuPb5NVF+bsD0b1sZBLK"},"_contentSize":{"__type__":"cc.Size","width":29,"height":29},"_trs":{"__type__":"TypedArray","ctor":"Float64Array","array":[-132,-22,0,0,0,0,1,1,1,1]}},{"__type__":"cc.Node","_name":"icon_linli","_parent":{"__id__":1},"_components":[{"__type__":"cc.Sprite","node":{"__id__":8},"_materials":[{"__uuid__":"ecpdLyjvZBwrvm+cedCcQy"}],"_spriteFrame":{"__uuid__":"51IlRpPERJIISja9l761xQ"},"_sizeMode":0}],"_prefab":{"__type__":"cc.PrefabInfo","root":{"__id__":1},"asset":{"__uuid__":"03BtTZzN1FDIwX382XvX6O"},"fileId":"84hK24+RNObJOrx8madurf"},"_contentSize":{"__type__":"cc.Size","width":27,"height":38},"_trs":{"__type__":"TypedArray","ctor":"Float64Array","array":[25.333,-22,0,0,0,0,1,1,1,1]}},{"__type__":"cc.Node","_name":"icon_zhanli","_parent":{"__id__":1},"_components":[{"__type__":"cc.Sprite","node":{"__id__":9},"_materials":[{"__uuid__":"ecpdLyjvZBwrvm+cedCcQy"}],"_spriteFrame":{"__uuid__":"f93BnGVLJBKa/cmwJMAZ1p"}}],"_prefab":{"__type__":"cc.PrefabInfo","root":{"__id__":1},"asset":{"__uuid__":"03BtTZzN1FDIwX382XvX6O"},"fileId":"5dJKZ6aFlCXpE6NF2V7shh"},"_contentSize":{"__type__":"cc.Size","width":31,"height":33},"_trs":{"__type__":"TypedArray","ctor":"Float64Array","array":[190.667,-22,0,0,0,0,1,1,1,1]}},{"__type__":"cc.Node","_name":"label_name","_parent":{"__id__":1},"_components":[{"__id__":11},{"__type__":"cc.LabelOutline","node":{"__id__":10},"_width":2}],"_prefab":{"__type__":"cc.PrefabInfo","root":{"__id__":1},"asset":{"__uuid__":"03BtTZzN1FDIwX382XvX6O"},"fileId":"58Tvqd2L5BUbUvnPtgsDjQ"},"_color":{"__type__":"cc.Color","r":51,"g":51,"b":51},"_contentSize":{"__type__":"cc.Size","width":104,"height":41.8},"_trs":{"__type__":"TypedArray","ctor":"Float64Array","array":[-98.667,21.333,0,0,0,0,1,1,1,1]}},{"__type__":"cc.Label","node":{"__id__":10},"_materials":[{"__uuid__":"ecpdLyjvZBwrvm+cedCcQy"}],"_useOriginalSize":false,"_string":"用户昵称","_N$string":"用户昵称","_fontSize":25,"_lineHeight":30,"_N$horizontalAlign":1,"_N$verticalAlign":1},{"__type__":"cc.Node","_name":"label_level","_parent":{"__id__":1},"_components":[{"__id__":13},{"__type__":"cc.LabelOutline","node":{"__id__":12},"_width":2}],"_prefab":{"__type__":"cc.PrefabInfo","root":{"__id__":1},"asset":{"__uuid__":"03BtTZzN1FDIwX382XvX6O"},"fileId":"1alN9Vig9FKIAMAqxtOKPs"},"_color":{"__type__":"cc.Color","r":149,"g":89,"b":66},"_contentSize":{"__type__":"cc.Size","width":56.81,"height":41.8},"_trs":{"__type__":"TypedArray","ctor":"Float64Array","array":[26.667,21.333,0,0,0,0,1,1,1,1]}},{"__type__":"cc.Label","node":{"__id__":12},"_materials":[{"__uuid__":"ecpdLyjvZBwrvm+cedCcQy"}],"_useOriginalSize":false,"_string":"99级","_N$string":"99级","_fontSize":25,"_lineHeight":30,"_N$horizontalAlign":1,"_N$verticalAlign":1},{"__type__":"cc.Node","_name":"label_canchu","_parent":{"__id__":1},"_components":[{"__id__":15},{"__type__":"cc.LabelOutline","node":{"__id__":14},"_width":2}],"_prefab":{"__type__":"cc.PrefabInfo","root":{"__id__":1},"asset":{"__uuid__":"03BtTZzN1FDIwX382XvX6O"},"fileId":"705KtWo3JOnIMqEsOMQGn4"},"_color":{"__type__":"cc.Color","r":149,"g":89,"b":66},"_contentSize":{"__type__":"cc.Size","width":148.52,"height":41.8},"_anchorPoint":{"__type__":"cc.Vec2","y":0.5},"_trs":{"__type__":"TypedArray","ctor":"Float64Array","array":[109.333,21.333,0,0,0,0,1,1,1,1]}},{"__type__":"cc.Label","node":{"__id__":14},"_materials":[{"__uuid__":"ecpdLyjvZBwrvm+cedCcQy"}],"_useOriginalSize":false,"_string":"产出：10000","_N$string":"产出：10000","_fontSize":25,"_lineHeight":30,"_N$horizontalAlign":1,"_N$verticalAlign":1},{"__type__":"cc.Node","_name":"label_life","_parent":{"__id__":1},"_components":[{"__id__":17}],"_prefab":{"__type__":"cc.PrefabInfo","root":{"__id__":1},"asset":{"__uuid__":"03BtTZzN1FDIwX382XvX6O"},"fileId":"eaylEyvc1E7IAQg0YQ9v8I"},"_color":{"__type__":"cc.Color","r":201,"g":170,"b":136},"_contentSize":{"__type__":"cc.Size","width":69.52,"height":37.8},"_anchorPoint":{"__type__":"cc.Vec2","y":0.5},"_trs":{"__type__":"TypedArray","ctor":"Float64Array","array":[-104,-22,0,0,0,0,1,1,1,1]}},{"__type__":"cc.Label","node":{"__id__":16},"_materials":[{"__uuid__":"ecpdLyjvZBwrvm+cedCcQy"}],"_useOriginalSize":false,"_string":"99999","_N$string":"99999","_fontSize":25,"_lineHeight":30,"_N$horizontalAlign":1,"_N$verticalAlign":1},{"__type__":"cc.Node","_name":"label_linli","_parent":{"__id__":1},"_components":[{"__id__":19}],"_prefab":{"__type__":"cc.PrefabInfo","root":{"__id__":1},"asset":{"__uuid__":"03BtTZzN1FDIwX382XvX6O"},"fileId":"dcAB7UUZNOtoWiLCUB4HJR"},"_color":{"__type__":"cc.Color","r":201,"g":170,"b":136},"_contentSize":{"__type__":"cc.Size","width":69.52,"height":37.8},"_anchorPoint":{"__type__":"cc.Vec2","y":0.5},"_trs":{"__type__":"TypedArray","ctor":"Float64Array","array":[53.333,-22,0,0,0,0,1,1,1,1]}},{"__type__":"cc.Label","node":{"__id__":18},"_materials":[{"__uuid__":"ecpdLyjvZBwrvm+cedCcQy"}],"_useOriginalSize":false,"_string":"99999","_N$string":"99999","_fontSize":25,"_lineHeight":30,"_N$horizontalAlign":1,"_N$verticalAlign":1},{"__type__":"cc.Node","_name":"label_zhanli","_parent":{"__id__":1},"_components":[{"__id__":21}],"_prefab":{"__type__":"cc.PrefabInfo","root":{"__id__":1},"asset":{"__uuid__":"03BtTZzN1FDIwX382XvX6O"},"fileId":"a9oE0l+W1BMZwUDIL4YPU5"},"_color":{"__type__":"cc.Color","r":201,"g":170,"b":136},"_contentSize":{"__type__":"cc.Size","width":69.52,"height":37.8},"_anchorPoint":{"__type__":"cc.Vec2","y":0.5},"_trs":{"__type__":"TypedArray","ctor":"Float64Array","array":[218.667,-22,0,0,0,0,1,1,1,1]}},{"__type__":"cc.Label","node":{"__id__":20},"_materials":[{"__uuid__":"ecpdLyjvZBwrvm+cedCcQy"}],"_useOriginalSize":false,"_string":"99999","_N$string":"99999","_fontSize":25,"_lineHeight":30,"_N$horizontalAlign":1,"_N$verticalAlign":1},{"__type__":"cc.Node","_name":"label_num","_parent":{"__id__":1},"_components":[{"__id__":23}],"_prefab":{"__type__":"cc.PrefabInfo","root":{"__id__":1},"asset":{"__uuid__":"03BtTZzN1FDIwX382XvX6O"},"fileId":"d2glhgBhdFqJ3f3pJk0mHM"},"_color":{"__type__":"cc.Color","r":149,"g":89,"b":66},"_contentSize":{"__type__":"cc.Size","width":41.7,"height":44.1},"_trs":{"__type__":"TypedArray","ctor":"Float64Array","array":[-328,0,0,0,0,0,1,1,1,1]}},{"__type__":"cc.Label","node":{"__id__":22},"_materials":[{"__uuid__":"ecpdLyjvZBwrvm+cedCcQy"}],"_useOriginalSize":false,"_string":"20.","_N$string":"20.","_fontSize":30,"_lineHeight":35,"_N$horizontalAlign":1,"_N$verticalAlign":1}],{"__type__":"cc.SpriteFrame","content":{"name":"bg@2x","texture":"43brvKiUlN474t//AVKiZU","rect":[0,0,780,110],"offset":[0,0],"originalSize":[780,110],"capInsets":[0,0,0,0]}},{"__type__":"cc.SpriteFrame","content":{"name":"Life@2x","texture":"06Gjl36XFJ6ry4gXHevlg2","rect":[4,3,72,70],"offset":[0,0],"originalSize":[80,76],"capInsets":[0,0,0,0]}},{"__type__":"cc.SpriteFrame","content":{"name":"Mana Potion@2x","texture":"97E0xkH0FHmoP/+YTjQ5B6","rect":[12,0,162,228],"offset":[-2,6.5],"originalSize":[190,241],"capInsets":[0,0,0,0]}},{"__type__":"cc.SpriteFrame","content":{"name":"3@2x","texture":"35J+KgujtHWbkCmaJC6sbe","rect":[0,0,61,53],"offset":[0,0],"originalSize":[61,53],"capInsets":[0,0,0,0]}},{"__type__":"cc.SpriteFrame","content":{"name":"圆角矩形 549@2x","texture":"8f6y8fPI9GwYbogrXI6S6i","rect":[0,0,75,76],"offset":[0,0],"originalSize":[75,76],"capInsets":[0,0,0,0]}},{"__type__":"cc.SpriteFrame","content":{"name":"2@2x","texture":"29mpQAd0BD97t5mQYVt3ID","rect":[0,0,61,53],"offset":[0,0],"originalSize":[61,53],"capInsets":[0,0,0,0]}},{"__type__":"cc.SpriteFrame","content":{"name":"1@2x","texture":"15wmAZSyVPYp7dQp88artv","rect":[2,2,61,53],"offset":[0,0],"originalSize":[65,57],"capInsets":[0,0,0,0]}},{"__type__":"cc.SpriteFrame","content":{"name":"战力@2x","texture":"11wy7n4g1AspJpVa9zaEjk","rect":[1,2,31,33],"offset":[-0.5,0],"originalSize":[34,37],"capInsets":[0,0,0,0]}}]