[[{"__type__":"cc.Prefab","_name":"gold","data":{"__id__":1}},{"__type__":"cc.Node","_name":"gold","_components":[{"__type__":"cc.Sprite","node":{"__id__":1},"_materials":[{"__uuid__":"ecpdLyjvZBwrvm+cedCcQy"}],"_spriteFrame":{"__uuid__":"58uYJP+yZCGaZlGOS8zvX4"}}],"_prefab":{"__type__":"cc.PrefabInfo","root":{"__id__":1},"asset":{"__id__":0},"fileId":"704RtwMa1KaqxJYcB1Flq5"},"_contentSize":{"__type__":"cc.Size","width":44,"height":44},"_trs":{"__type__":"TypedArray","ctor":"Float64Array","array":[0,0,0,0,0,0,1,1,1,1]}}],{"__type__":"cc.SpriteFrame","content":{"name":"-s-金币","texture":"f6aldwjEFMhoZ7uiovLLs2","rect":[132,0,44,44],"offset":[0,0],"originalSize":[44,44],"capInsets":[0,0,0,0]}}]