[{"__type__":"cc.SpriteFrame","content":{"name":"信封未读","texture":"31snGQPb1CNoP9vGAKirpC","rect":[0,0,46,30],"offset":[0,0],"originalSize":[46,30],"capInsets":[0,0,0,0]}},[{"__type__":"cc.Prefab","_name":"emailItem","data":{"__id__":1}},{"__type__":"cc.Node","_name":"emailItem","_children":[{"__id__":2},{"__id__":4},{"__id__":6}],"_components":[{"__type__":"cc.Sprite","node":{"__id__":1},"_materials":[{"__uuid__":"ecpdLyjvZBwrvm+cedCcQy"}],"_spriteFrame":{"__uuid__":"c272bLJcRNiKVvUXWQUu08"}},{"__type__":"4b8e3e7jdNAXa9VAgL7cowk","node":{"__id__":1},"icon_email":{"__id__":3},"label_title":{"__id__":5},"label_time":{"__id__":7}}],"_prefab":{"__type__":"cc.PrefabInfo","root":{"__id__":1},"asset":{"__id__":0},"fileId":"88FRQbr8ZHAKkflSePXrsZ"},"_contentSize":{"__type__":"cc.Size","width":782,"height":100},"_trs":{"__type__":"TypedArray","ctor":"Float64Array","array":[0,-50,0,0,0,0,1,1,1,1]}},{"__type__":"cc.Node","_name":"icon_email","_parent":{"__id__":1},"_components":[{"__id__":3}],"_prefab":{"__type__":"cc.PrefabInfo","root":{"__id__":1},"asset":{"__id__":0},"fileId":"671gza6d5B7YNcNFaxzt4A"},"_contentSize":{"__type__":"cc.Size","width":46,"height":30},"_trs":{"__type__":"TypedArray","ctor":"Float64Array","array":[-326.723,0,0,0,0,0,1,1,1,1]}},{"__type__":"cc.Sprite","node":{"__id__":2},"_materials":[{"__uuid__":"ecpdLyjvZBwrvm+cedCcQy"}],"_spriteFrame":{"__uuid__":"016pI/N/FAHq3X7NU5eZAp"}},{"__type__":"cc.Node","_name":"label_email_title","_parent":{"__id__":1},"_components":[{"__id__":5}],"_prefab":{"__type__":"cc.PrefabInfo","root":{"__id__":1},"asset":{"__id__":0},"fileId":"27Rji9f4xCeaVlzvQpRJIn"},"_color":{"__type__":"cc.Color","r":149,"g":89,"b":66},"_contentSize":{"__type__":"cc.Size","width":500,"height":40},"_anchorPoint":{"__type__":"cc.Vec2","y":0.5},"_trs":{"__type__":"TypedArray","ctor":"Float64Array","array":[-268.733,-1.414,0,0,0,0,1,1,1,1]}},{"__type__":"cc.Label","node":{"__id__":4},"_materials":[{"__uuid__":"ecpdLyjvZBwrvm+cedCcQy"}],"_useOriginalSize":false,"_string":"尊贵称号通知邮件尊贵称号通知邮件","_N$string":"尊贵称号通知邮件尊贵称号通知邮件","_fontSize":35,"_N$overflow":1},{"__type__":"cc.Node","_name":"label_email_time","_parent":{"__id__":1},"_components":[{"__id__":7}],"_prefab":{"__type__":"cc.PrefabInfo","root":{"__id__":1},"asset":{"__id__":0},"fileId":"8d8vQiEqlERLIP4X52egD2"},"_color":{"__type__":"cc.Color","r":201,"g":170,"b":136},"_contentSize":{"__type__":"cc.Size","width":70,"height":50.4},"_anchorPoint":{"__type__":"cc.Vec2","x":1,"y":0.5},"_trs":{"__type__":"TypedArray","ctor":"Float64Array","array":[369.154,0,0,0,0,0,1,1,1,1]}},{"__type__":"cc.Label","node":{"__id__":6},"_materials":[{"__uuid__":"ecpdLyjvZBwrvm+cedCcQy"}],"_useOriginalSize":false,"_string":"今天","_N$string":"今天","_fontSize":35,"_N$horizontalAlign":1,"_N$verticalAlign":1}],{"__type__":"cc.SpriteFrame","content":{"name":"bg@2x(1)","texture":"e51orwPsRDqYL/ifVlrfyC","rect":[0,0,782,100],"offset":[0,0],"originalSize":[782,100],"capInsets":[0,0,0,0]}}]