[{"__type__":"cc.SpriteFrame","content":{"name":"smoke","texture":"bcImCXi5RDpYN778SbQagJ","rect":[0,0,610,496],"offset":[0,0],"originalSize":[610,496],"capInsets":[0,0,0,0]}},[{"__type__":"cc.Prefab","_name":"Transition","data":{"__id__":1}},{"__type__":"cc.Node","_name":"Transition","_children":[{"__id__":2},{"__id__":3},{"__id__":4}],"_components":[{"__type__":"cc.Widget","node":{"__id__":1},"_alignFlags":45}],"_prefab":{"__type__":"cc.PrefabInfo","root":{"__id__":1},"asset":{"__uuid__":"cb0mzYIP9NOLImTCJzByfp"},"fileId":"43FNS82lJHVYCVhTH8hX2q"},"_contentSize":{"__type__":"cc.Size","width":1060,"height":1920},"_trs":{"__type__":"TypedArray","ctor":"Float64Array","array":[0,0,0,0,0,0,1,1,1,1]}},{"__type__":"cc.Node","_name":"smoke","_parent":{"__id__":1},"_components":[{"__type__":"cc.Sprite","node":{"__id__":2},"_materials":[{"__uuid__":"ecpdLyjvZBwrvm+cedCcQy"}],"_spriteFrame":{"__uuid__":"38CsJ8tVtMcLyt55UtTSuu"},"_sizeMode":0},{"__type__":"cc.Widget","node":{"__id__":2},"_alignFlags":45,"_originalWidth":610,"_originalHeight":496}],"_prefab":{"__type__":"cc.PrefabInfo","root":{"__id__":1},"asset":{"__uuid__":"cb0mzYIP9NOLImTCJzByfp"},"fileId":"72NDzYN81J/bKdcjbtu5wT"},"_contentSize":{"__type__":"cc.Size","width":1060,"height":1920},"_trs":{"__type__":"TypedArray","ctor":"Float64Array","array":[0,0,0,0,0,0,1,1,1,1]}},{"__type__":"cc.Node","_name":"New Node","_parent":{"__id__":1},"_components":[{"__type__":"dragonBones.ArmatureDisplay","node":{"__id__":3},"_materials":[{"__uuid__":"ecpdLyjvZBwrvm+cedCcQy"}],"_armatureName":"Armature","_animationName":"walk","_preCacheMode":0,"playTimes":0,"_armatureKey":"271c7619-44d0-4728-8d25-b5ad7051e024#4d4859e5-7b91-4d3a-951f-4858d83488fb","_N$dragonAsset":{"__uuid__":"27HHYZRNBHKI0lta1wUeAk"},"_N$dragonAtlasAsset":{"__uuid__":"4dSFnle5FNOpUfSFjYNIj7"}}],"_prefab":{"__type__":"cc.PrefabInfo","root":{"__id__":1},"asset":{"__uuid__":"cb0mzYIP9NOLImTCJzByfp"},"fileId":"56h3Q9q6dKg5p2pW77rgu3"},"_trs":{"__type__":"TypedArray","ctor":"Float64Array","array":[0,0,0,0,0,0,1,1,1,1]}},{"__type__":"cc.Node","_name":"New Label","_parent":{"__id__":1},"_components":[{"__type__":"cc.Label","node":{"__id__":4},"_materials":[{"__uuid__":"ecpdLyjvZBwrvm+cedCcQy"}],"_useOriginalSize":false,"_string":"正在加载中，请稍等","_N$string":"正在加载中，请稍等","_N$horizontalAlign":1,"_N$verticalAlign":1}],"_prefab":{"__type__":"cc.PrefabInfo","root":{"__id__":1},"asset":{"__uuid__":"cb0mzYIP9NOLImTCJzByfp"},"fileId":"bbaCEivHdKb7gL9GXBnchI"},"_color":{"__type__":"cc.Color"},"_contentSize":{"__type__":"cc.Size","width":360,"height":50.4},"_trs":{"__type__":"TypedArray","ctor":"Float64Array","array":[0,-62.524,0,0,0,0,1,1,1,1]}}]]