[{"__type__":"cc.SpriteFrame","content":{"name":"图层 12@2x","texture":"b0GhJQhv1OxJRPjau5wpF2","rect":[649,65,142,110],"offset":[0,0],"originalSize":[142,110],"capInsets":[0,0,0,0]}},{"__type__":"cc.SpriteFrame","content":{"name":"图层 13@2x","texture":"b0GhJQhv1OxJRPjau5wpF2","rect":[517,65,132,110],"offset":[0,0],"originalSize":[132,110],"capInsets":[0,0,0,0]}},{"__type__":"cc.AnimationClip","_name":"baiche","_duration":10,"wrapMode":2,"curveData":{"props":{"position":[{"frame":0,"value":[-203.67100524902344,-172.33099365234375,0]},{"frame":1,"value":[-28.10700035095215,-297.97100830078125,0]},{"frame":1.5,"value":[-66.15399932861328,-339.8699951171875,0]},{"frame":4,"value":[326.20001220703125,-605.5,0]},{"frame":5,"value":[183.32699584960938,-708.5189819335938,0]},{"frame":7,"value":[568.1729736328125,-991.8090209960938,0]},{"frame":8,"value":[371.7659912109375,-1145.8890380859375,0]},{"frame":10,"value":[666.3770141601562,-1343.5030517578125,0]}]},"comps":{"cc.Sprite":{"spriteFrame":[{"frame":0,"value":{"__uuid__":"1cPJsfZwtAP7XxeV8j1kSR"}},{"frame":1,"value":{"__uuid__":"23WVsWQR5B3JTRS74Ixfbm"}},{"frame":1.5,"value":{"__uuid__":"1cPJsfZwtAP7XxeV8j1kSR"}},{"frame":4,"value":{"__uuid__":"23WVsWQR5B3JTRS74Ixfbm"}},{"frame":5,"value":{"__uuid__":"1cPJsfZwtAP7XxeV8j1kSR"}},{"frame":7,"value":{"__uuid__":"23WVsWQR5B3JTRS74Ixfbm"}},{"frame":8,"value":{"__uuid__":"1cPJsfZwtAP7XxeV8j1kSR"}}]}}}}]