[{"__type__":"cc.SpriteFrame","content":{"name":"圆角矩形 553@2x","texture":"92YJTCI1ZHJKdxTpahL5wB","rect":[0,0,162,24],"offset":[0,0],"originalSize":[162,24],"capInsets":[0,0,0,0]}},{"__type__":"cc.SpriteFrame","content":{"name":"图层 620@2x","texture":"f1xm4Cf6ROm5Ri8z/iEcDb","rect":[0,0,73,72],"offset":[0,0],"originalSize":[73,72],"capInsets":[0,0,0,0]}},{"__type__":"cc.SpriteFrame","content":{"name":"bg@2x","texture":"8dzaNvEapHfrXT9/FPaf/2","rect":[0,0,1092,110],"offset":[0,0],"originalSize":[1092,110],"capInsets":[0,0,0,0]}},[{"__type__":"cc.Prefab","_name":"jiaoyi_item","data":{"__id__":1}},{"__type__":"cc.Node","_name":"jiaoyi_item","_children":[{"__id__":2},{"__id__":4},{"__id__":7},{"__id__":8},{"__id__":10},{"__id__":12},{"__id__":14},{"__id__":16},{"__id__":18}],"_components":[{"__type__":"cc.Sprite","node":{"__id__":1},"_materials":[{"__uuid__":"ecpdLyjvZBwrvm+cedCcQy"}],"_spriteFrame":{"__uuid__":"50x33D/I1OIYmAYvG2sXGF"}},{"__type__":"58cfcghr3hCOJvxQTng2PSu","node":{"__id__":1},"icon_logo":{"__id__":3},"label_num":{"__id__":9},"label_name":{"__id__":11},"label_count":{"__id__":13},"label_rmb":{"__id__":15},"label_dollor":{"__id__":17},"label_bank":{"__id__":19},"progress":{"__id__":5}}],"_prefab":{"__type__":"cc.PrefabInfo","root":{"__id__":1},"asset":{"__id__":0},"fileId":"76XNLyEcpMj7XFIPsn0itN"},"_contentSize":{"__type__":"cc.Size","width":1092,"height":110},"_trs":{"__type__":"TypedArray","ctor":"Float64Array","array":[0,-125,0,0,0,0,1,1,1,1]}},{"__type__":"cc.Node","_name":"icon_logo","_parent":{"__id__":1},"_components":[{"__id__":3}],"_prefab":{"__type__":"cc.PrefabInfo","root":{"__id__":1},"asset":{"__id__":0},"fileId":"41vls5aJhJNZwQMJXr7aJG"},"_contentSize":{"__type__":"cc.Size","width":73,"height":72},"_trs":{"__type__":"TypedArray","ctor":"Float64Array","array":[-345.733,0,0,0,0,0,1,1,1,1]}},{"__type__":"cc.Sprite","node":{"__id__":2},"_materials":[{"__uuid__":"ecpdLyjvZBwrvm+cedCcQy"}],"_spriteFrame":{"__uuid__":"15tV+B+EJNGLvECRdYATOj"}},{"__type__":"cc.Node","_name":"progress_bottom","_parent":{"__id__":1},"_active":false,"_components":[{"__type__":"cc.Sprite","node":{"__id__":4},"_materials":[{"__uuid__":"ecpdLyjvZBwrvm+cedCcQy"}],"_spriteFrame":{"__uuid__":"0dwd99C8VCga70PlfDzmDw"}},{"__id__":5}],"_prefab":{"__type__":"cc.PrefabInfo","root":{"__id__":1},"asset":{"__id__":0},"fileId":"1b8zFVn3FKALse9ujo1CsU"},"_contentSize":{"__type__":"cc.Size","width":162,"height":24},"_trs":{"__type__":"TypedArray","ctor":"Float64Array","array":[323.189,0,0,0,0,0,1,1,1,1]}},{"__type__":"cc.ProgressBar","node":{"__id__":4},"_N$totalLength":162,"_N$barSprite":{"__id__":6}},{"__type__":"cc.Sprite","node":{"__id__":7},"_materials":[{"__uuid__":"ecpdLyjvZBwrvm+cedCcQy"}],"_spriteFrame":{"__uuid__":"6f7iwMDXVPd5EPKhfCZpNi"},"_type":1,"_sizeMode":0},{"__type__":"cc.Node","_name":"圆角矩形 553 拷贝@2x","_parent":{"__id__":1},"_active":false,"_components":[{"__id__":6}],"_prefab":{"__type__":"cc.PrefabInfo","root":{"__id__":1},"asset":{"__id__":0},"fileId":"39PVNJKchDdqiPKjIR7pzb"},"_contentSize":{"__type__":"cc.Size","width":162,"height":24},"_anchorPoint":{"__type__":"cc.Vec2","y":0.5},"_trs":{"__type__":"TypedArray","ctor":"Float64Array","array":[242.899,0,0,0,0,0,1,1,1,1]}},{"__type__":"cc.Node","_name":"label_num","_parent":{"__id__":1},"_components":[{"__id__":9}],"_prefab":{"__type__":"cc.PrefabInfo","root":{"__id__":1},"asset":{"__id__":0},"fileId":"7b+QgxxPNKA5ixFoh54t+p"},"_color":{"__type__":"cc.Color","r":149,"g":89,"b":66},"_contentSize":{"__type__":"cc.Size","width":25.02,"height":50.4},"_trs":{"__type__":"TypedArray","ctor":"Float64Array","array":[-477.024,0,0,0,0,0,1,1,1,1]}},{"__type__":"cc.Label","node":{"__id__":8},"_materials":[{"__uuid__":"ecpdLyjvZBwrvm+cedCcQy"}],"_useOriginalSize":false,"_string":"1.","_N$string":"1.","_fontSize":30,"_N$horizontalAlign":1,"_N$verticalAlign":1},{"__type__":"cc.Node","_name":"label_name","_parent":{"__id__":1},"_components":[{"__id__":11}],"_prefab":{"__type__":"cc.PrefabInfo","root":{"__id__":1},"asset":{"__id__":0},"fileId":"6cMnj6cTZPCpQ3QmubAZIp"},"_color":{"__type__":"cc.Color","r":149,"g":89,"b":66},"_contentSize":{"__type__":"cc.Size","width":90.34,"height":37.8},"_anchorPoint":{"__type__":"cc.Vec2","y":0.5},"_trs":{"__type__":"TypedArray","ctor":"Float64Array","array":[-292.143,21.882,0,0,0,0,1,1,1,1]}},{"__type__":"cc.Label","node":{"__id__":10},"_materials":[{"__uuid__":"ecpdLyjvZBwrvm+cedCcQy"}],"_useOriginalSize":false,"_string":"Binance","_N$string":"Binance","_fontSize":25,"_lineHeight":30,"_N$horizontalAlign":1,"_N$verticalAlign":1},{"__type__":"cc.Node","_name":"label_count","_parent":{"__id__":1},"_components":[{"__id__":13}],"_prefab":{"__type__":"cc.PrefabInfo","root":{"__id__":1},"asset":{"__id__":0},"fileId":"946URSs5xOFbHIGMy7OKwK"},"_color":{"__type__":"cc.Color","r":201,"g":170,"b":136},"_contentSize":{"__type__":"cc.Size","width":80.62,"height":37.8},"_anchorPoint":{"__type__":"cc.Vec2","y":0.5},"_trs":{"__type__":"TypedArray","ctor":"Float64Array","array":[-292.143,-18.909,0,0,0,0,1,1,1,1]}},{"__type__":"cc.Label","node":{"__id__":12},"_materials":[{"__uuid__":"ecpdLyjvZBwrvm+cedCcQy"}],"_useOriginalSize":false,"_string":"1313个","_N$string":"1313个","_fontSize":25,"_lineHeight":30,"_N$horizontalAlign":1,"_N$verticalAlign":1},{"__type__":"cc.Node","_name":"label_rmb","_parent":{"__id__":1},"_components":[{"__id__":15}],"_prefab":{"__type__":"cc.PrefabInfo","root":{"__id__":1},"asset":{"__id__":0},"fileId":"4cw3ixbsZEzbSJHPqumR9v"},"_color":{"__type__":"cc.Color","r":149,"g":89,"b":66},"_contentSize":{"__type__":"cc.Size","width":115.37,"height":37.8},"_trs":{"__type__":"TypedArray","ctor":"Float64Array","array":[226.514,21.882,0,0,0,0,1,1,1,1]}},{"__type__":"cc.Label","node":{"__id__":14},"_materials":[{"__uuid__":"ecpdLyjvZBwrvm+cedCcQy"}],"_useOriginalSize":false,"_string":"5970.00亿","_N$string":"5970.00亿","_fontSize":25,"_lineHeight":30,"_N$horizontalAlign":1,"_N$verticalAlign":1},{"__type__":"cc.Node","_name":"label_dollor","_parent":{"__id__":1},"_components":[{"__id__":17}],"_prefab":{"__type__":"cc.PrefabInfo","root":{"__id__":1},"asset":{"__id__":0},"fileId":"a9aqqeBUBPZadARrXmPhbF"},"_color":{"__type__":"cc.Color","r":201,"g":170,"b":136},"_contentSize":{"__type__":"cc.Size","width":115.37,"height":37.8},"_trs":{"__type__":"TypedArray","ctor":"Float64Array","array":[226.514,-18.909,0,0,0,0,1,1,1,1]}},{"__type__":"cc.Label","node":{"__id__":16},"_materials":[{"__uuid__":"ecpdLyjvZBwrvm+cedCcQy"}],"_useOriginalSize":false,"_string":"$900.00亿","_N$string":"$900.00亿","_fontSize":25,"_lineHeight":30,"_N$horizontalAlign":1,"_N$verticalAlign":1},{"__type__":"cc.Node","_name":"label_bank","_parent":{"__id__":1},"_active":false,"_components":[{"__id__":19}],"_prefab":{"__type__":"cc.PrefabInfo","root":{"__id__":1},"asset":{"__id__":0},"fileId":"d0CZRm/ihEVIffG4nTQNXf"},"_color":{"__type__":"cc.Color","r":149,"g":89,"b":66},"_contentSize":{"__type__":"cc.Size","width":13.9,"height":37.8},"_trs":{"__type__":"TypedArray","ctor":"Float64Array","array":[427.808,0,0,0,0,0,1,1,1,1]}},{"__type__":"cc.Label","node":{"__id__":18},"_materials":[{"__uuid__":"ecpdLyjvZBwrvm+cedCcQy"}],"_useOriginalSize":false,"_string":"9","_N$string":"9","_fontSize":25,"_lineHeight":30,"_N$horizontalAlign":1,"_N$verticalAlign":1}],{"__type__":"cc.SpriteFrame","content":{"name":"圆角矩形 553 拷贝@2x","texture":"16w1hJp8RDFZIDIvo+3ZrV","rect":[0,0,150,24],"offset":[0,0],"originalSize":[150,24],"capInsets":[15,0,18,0]}}]