[{"__type__":"cc.SpriteFrame","content":{"name":"圆角矩形 2@2x","texture":"f6aldwjEFMhoZ7uiovLLs2","rect":[0,1382,1154,180],"offset":[0,0],"originalSize":[1154,180],"capInsets":[0,0,0,0]}},{"__type__":"cc.SpriteFrame","content":{"name":"DoorBottom","texture":"f6aldwjEFMhoZ7uiovLLs2","rect":[390,0,255,206],"offset":[0,0],"originalSize":[255,206],"capInsets":[0,0,0,0]}},{"__type__":"cc.SpriteFrame","content":{"name":"item","texture":"f6aldwjEFMhoZ7uiovLLs2","rect":[1422,0,69,69],"offset":[0,0],"originalSize":[69,69],"capInsets":[0,0,0,0]}},{"__type__":"cc.SpriteFrame","content":{"name":"DoorTop","texture":"f6aldwjEFMhoZ7uiovLLs2","rect":[645,0,258,232],"offset":[0,0],"originalSize":[258,232],"capInsets":[0,0,0,0]}},{"__type__":"cc.SpriteFrame","content":{"name":"-s-电池","texture":"f6aldwjEFMhoZ7uiovLLs2","rect":[66,0,66,66],"offset":[0,0],"originalSize":[66,66],"capInsets":[0,0,0,0]}},{"__type__":"cc.SpriteFrame","content":{"name":"treasureBox","texture":"f6aldwjEFMhoZ7uiovLLs2","rect":[0,232,431,425],"offset":[0,0],"originalSize":[431,425],"capInsets":[0,0,0,0]}},{"__type__":"cc.SpriteFrame","content":{"name":"圆角矩形2","texture":"f6aldwjEFMhoZ7uiovLLs2","rect":[0,1562,702,54],"offset":[0,0],"originalSize":[702,54],"capInsets":[0,0,0,0]}},{"__type__":"cc.SpriteFrame","content":{"name":"icon_1","texture":"f6aldwjEFMhoZ7uiovLLs2","rect":[1022,0,200,200],"offset":[0,0],"originalSize":[200,200],"capInsets":[0,0,0,0]}},{"__type__":"cc.SpriteFrame","content":{"name":"圆角矩形 1@2x","texture":"f6aldwjEFMhoZ7uiovLLs2","rect":[631,232,1200,1150],"offset":[0,0],"originalSize":[1200,1150],"capInsets":[0,0,0,0]}},{"__type__":"cc.SpriteFrame","content":{"name":"MineDoor","texture":"f6aldwjEFMhoZ7uiovLLs2","rect":[1491,0,154,155],"offset":[0,0],"originalSize":[154,155],"capInsets":[0,0,0,0]}},{"__type__":"cc.SpriteFrame","content":{"name":"-s-金币","texture":"f6aldwjEFMhoZ7uiovLLs2","rect":[132,0,44,44],"offset":[0,0],"originalSize":[44,44],"capInsets":[0,0,0,0]}},{"__type__":"cc.SpriteFrame","content":{"name":"icon_2","texture":"f6aldwjEFMhoZ7uiovLLs2","rect":[1222,0,200,200],"offset":[0,0],"originalSize":[200,200],"capInsets":[0,0,0,0]}},{"__type__":"cc.SpriteAtlas","_name":"KuangJi.plist","_spriteFrames":{"-s-e令牌":{"__uuid__":"ceG3Hibv5EZ6ocPebsQBH2"},"-s-电池":{"__uuid__":"2ebAGvSbREB4jvHuEBxvjV"},"-s-金币":{"__uuid__":"58uYJP+yZCGaZlGOS8zvX4"},"-s-钻":{"__uuid__":"e6hNgtratBao3yMFygYHW4"},"DoorBottom":{"__uuid__":"18s1jAH5lBkrXDm38p1sd9"},"DoorTop":{"__uuid__":"26A/SiAZFEoasCYzVF/PM9"},"Fan":{"__uuid__":"e0qAVKkwJE+arxkOsQzj34"},"MineDoor":{"__uuid__":"54joe9cfVGSY7KSvqSAh9/"},"doorBg":{"__uuid__":"defzKsxk1KlLVGyQ/+0XyP"},"icon_1":{"__uuid__":"4bHcU0yLpEC5Fgh9gegcLx"},"icon_2":{"__uuid__":"5dZ/YnUZ5Mj6knbBnAwi5U"},"item":{"__uuid__":"24TaGMMsdOE6uGTFn6PzpU"},"treasureBox":{"__uuid__":"335l2pvWBKzp2CPPUaV0Sx"},"公告":{"__uuid__":"9e74tN26ZCKaqzJt+gpdiI"},"圆角矩形 1@2x":{"__uuid__":"52/m+p97pOpKF+JJwFEhco"},"圆角矩形 2@2x":{"__uuid__":"09V1Bb+cFPvY/OS85hiWXk"},"圆角矩形1":{"__uuid__":"bbHaLoGo1CeZZV8q9Ni3uk"},"圆角矩形2":{"__uuid__":"3fpWf+vMtBeLpYR/vSX5Ap"},"矩形 1 拷贝@2x":{"__uuid__":"d2df8+Y9NELY67GSAHQRS+"},"门框填充物":{"__uuid__":"f1PVDsNE9Oqrij0qc3OdJ2"}}},{"__type__":"cc.SpriteFrame","content":{"name":"公告","texture":"f6aldwjEFMhoZ7uiovLLs2","rect":[431,232,200,200],"offset":[0,0],"originalSize":[200,200],"capInsets":[0,0,0,0]}},{"__type__":"cc.SpriteFrame","content":{"name":"圆角矩形1","texture":"f6aldwjEFMhoZ7uiovLLs2","rect":[1154,1382,194,47],"offset":[0,0],"originalSize":[194,47],"capInsets":[0,0,0,0]}},{"__type__":"cc.SpriteFrame","content":{"name":"-s-e令牌","texture":"f6aldwjEFMhoZ7uiovLLs2","rect":[0,0,66,66],"offset":[0,0],"originalSize":[66,66],"capInsets":[0,0,0,0]}},{"__type__":"cc.SpriteFrame","content":{"name":"矩形 1 拷贝@2x","texture":"f6aldwjEFMhoZ7uiovLLs2","rect":[702,1562,104,100],"offset":[0,0],"originalSize":[104,100],"capInsets":[0,0,0,0]}},{"__type__":"cc.SpriteFrame","content":{"name":"doorBg","texture":"f6aldwjEFMhoZ7uiovLLs2","rect":[242,0,148,151],"offset":[0,0],"originalSize":[148,151],"capInsets":[0,0,0,0]}},{"__type__":"cc.SpriteFrame","content":{"name":"Fan","texture":"f6aldwjEFMhoZ7uiovLLs2","rect":[903,0,119,118],"offset":[0,0],"originalSize":[119,118],"capInsets":[0,0,0,0]}},{"__type__":"cc.SpriteFrame","content":{"name":"-s-钻","texture":"f6aldwjEFMhoZ7uiovLLs2","rect":[176,0,66,66],"offset":[0,0],"originalSize":[66,66],"capInsets":[0,0,0,0]}},{"__type__":"cc.SpriteFrame","content":{"name":"门框填充物","texture":"f6aldwjEFMhoZ7uiovLLs2","rect":[806,1562,257,347],"offset":[0,0],"originalSize":[257,347],"capInsets":[0,0,0,0]}}]