[{"__type__":"cc.SpriteFrame","content":{"name":"item","texture":"f6aldwjEFMhoZ7uiovLLs2","rect":[1422,0,69,69],"offset":[0,0],"originalSize":[69,69],"capInsets":[0,0,0,0]}},[{"__type__":"cc.Prefab","_name":"ECC","data":{"__id__":1}},{"__type__":"cc.Node","_name":"ECC","_children":[{"__id__":2}],"_components":[{"__type__":"cc.Sprite","node":{"__id__":1},"_materials":[{"__uuid__":"ecpdLyjvZBwrvm+cedCcQy"}],"_sizeMode":0}],"_prefab":{"__type__":"cc.PrefabInfo","root":{"__id__":1},"asset":{"__uuid__":"f1N4EWRnpLAbb9d8Iq4lmS"},"fileId":"b3NnCKkfZIiqgpKiwMObw2"},"_contentSize":{"__type__":"cc.Size","width":143.5,"height":143.5},"_trs":{"__type__":"TypedArray","ctor":"Float64Array","array":[0,0,0,0,0,0,1,1,1,1]}},{"__type__":"cc.Node","_name":"item","_parent":{"__id__":1},"_components":[{"__type__":"cc.Sprite","node":{"__id__":2},"_materials":[{"__uuid__":"ecpdLyjvZBwrvm+cedCcQy"}],"_spriteFrame":{"__uuid__":"24TaGMMsdOE6uGTFn6PzpU"},"_sizeMode":0}],"_prefab":{"__type__":"cc.PrefabInfo","root":{"__id__":1},"asset":{"__uuid__":"f1N4EWRnpLAbb9d8Iq4lmS"},"fileId":"72m9tNjbxGKoj4QxQTDiYP"},"_contentSize":{"__type__":"cc.Size","width":103.5,"height":103.5},"_trs":{"__type__":"TypedArray","ctor":"Float64Array","array":[0,0,0,0,0,0,1,1,1,1]}}]]