[{"__type__":"cc.SpriteFrame","content":{"name":"bg@2x(1)","texture":"71oWIQkm5CGpLLTmaVvN8k","rect":[14,25,168,159],"offset":[0,-2.5],"originalSize":[196,204],"capInsets":[0,0,0,0]}},{"__type__":"cc.SpriteFrame","content":{"name":"bg@2x(2)","texture":"bdvnaj5CdAY582fFbbxbFs","rect":[10,11,176,60],"offset":[-0.5,-1.5],"originalSize":[197,79],"capInsets":[0,0,0,0]}},{"__type__":"cc.SpriteFrame","content":{"name":"icon","texture":"a2tCIaQ+tFzIU0wREN0fZ5","rect":[0,0,229,266],"offset":[0,0],"originalSize":[229,266],"capInsets":[0,0,0,0]}},{"__type__":"cc.SpriteFrame","content":{"name":"bg@2x","texture":"1fggSGAsZCkIwuOqqrTxV4","rect":[0,0,280,420],"offset":[0,0],"originalSize":[280,420],"capInsets":[0,0,0,0]}},[{"__type__":"cc.Prefab","_name":"KNFT_item","data":{"__id__":1}},{"__type__":"cc.Node","_name":"NFT_item","_children":[{"__id__":2},{"__id__":3},{"__id__":5},{"__id__":8},{"__id__":10},{"__id__":12},{"__id__":14}],"_components":[{"__type__":"cc.Sprite","node":{"__id__":1},"_materials":[{"__uuid__":"ecpdLyjvZBwrvm+cedCcQy"}],"_spriteFrame":{"__uuid__":"a64ylTIWNHXIlLlIY3S4pM"}},{"__type__":"195a0kjzgFNW6tRsqgbtLT2","node":{"__id__":1},"icon_pic":{"__id__":4},"label_name":{"__id__":9},"label_prop1":{"__id__":11},"label_prop2":{"__id__":13},"label_prop3":{"__id__":15},"label_fee":{"__id__":7}}],"_prefab":{"__type__":"cc.PrefabInfo","root":{"__id__":1},"asset":{"__uuid__":"d6QkTOC/JMMJ2Ib80p7p+3"},"fileId":"edoAgxzatFFKSsH4HcOudz"},"_contentSize":{"__type__":"cc.Size","width":280,"height":420},"_trs":{"__type__":"TypedArray","ctor":"Float64Array","array":[-475,-210,0,0,0,0,1,1,1,1]}},{"__type__":"cc.Node","_name":"icon_bottom","_parent":{"__id__":1},"_components":[{"__type__":"cc.Sprite","node":{"__id__":2},"_materials":[{"__uuid__":"ecpdLyjvZBwrvm+cedCcQy"}],"_spriteFrame":{"__uuid__":"40NB3bCWhHW5O/9IsDpiwe"}}],"_prefab":{"__type__":"cc.PrefabInfo","root":{"__id__":1},"asset":{"__uuid__":"d6QkTOC/JMMJ2Ib80p7p+3"},"fileId":"eaGtEOITdH27fE0L4OoWEH"},"_contentSize":{"__type__":"cc.Size","width":168,"height":159},"_trs":{"__type__":"TypedArray","ctor":"Float64Array","array":[0,25.102,0,0,0,0,1,1,1,1]}},{"__type__":"cc.Node","_name":"icon_pic","_parent":{"__id__":1},"_components":[{"__id__":4}],"_prefab":{"__type__":"cc.PrefabInfo","root":{"__id__":1},"asset":{"__uuid__":"d6QkTOC/JMMJ2Ib80p7p+3"},"fileId":"e17IM5R6hM6LCKbwRpKK8b"},"_contentSize":{"__type__":"cc.Size","width":180,"height":201},"_trs":{"__type__":"TypedArray","ctor":"Float64Array","array":[0,25.102,0,0,0,0,1,1,1,1]}},{"__type__":"cc.Sprite","node":{"__id__":3},"_materials":[{"__uuid__":"ecpdLyjvZBwrvm+cedCcQy"}],"_spriteFrame":{"__uuid__":"90PRvAKJZOIqBGgZv/01kF"},"_sizeMode":0},{"__type__":"cc.Node","_name":"btn_buy","_parent":{"__id__":1},"_children":[{"__id__":6}],"_active":false,"_components":[{"__type__":"cc.Sprite","node":{"__id__":5},"_materials":[{"__uuid__":"ecpdLyjvZBwrvm+cedCcQy"}],"_spriteFrame":{"__uuid__":"7dFDYDmx5Bd4NP02Gsw8p2"}},{"__type__":"cc.Button","node":{"__id__":5},"_normalMaterial":{"__uuid__":"ecpdLyjvZBwrvm+cedCcQy"},"zoomScale":0.9,"clickEvents":[{"__type__":"cc.ClickEvent","target":{"__id__":1},"_componentId":"195a0kjzgFNW6tRsqgbtLT2","handler":"buy"}],"_N$transition":3,"transition":3}],"_prefab":{"__type__":"cc.PrefabInfo","root":{"__id__":1},"asset":{"__uuid__":"d6QkTOC/JMMJ2Ib80p7p+3"},"fileId":"9e0AlFCOBEE6jDtWoy94gE"},"_contentSize":{"__type__":"cc.Size","width":176,"height":60},"_trs":{"__type__":"TypedArray","ctor":"Float64Array","array":[0,-166.301,0,0,0,0,1,1,1,1]}},{"__type__":"cc.Node","_name":"label_fee","_parent":{"__id__":5},"_components":[{"__id__":7}],"_prefab":{"__type__":"cc.PrefabInfo","root":{"__id__":1},"asset":{"__uuid__":"d6QkTOC/JMMJ2Ib80p7p+3"},"fileId":"1bDDBK3KJJibJjeN7IOO9n"},"_color":{"__type__":"cc.Color","r":17,"g":110,"b":57},"_contentSize":{"__type__":"cc.Size","width":96.71,"height":44.1},"_trs":{"__type__":"TypedArray","ctor":"Float64Array","array":[0,0,0,0,0,0,1,1,1,1]}},{"__type__":"cc.Label","node":{"__id__":6},"_materials":[{"__uuid__":"ecpdLyjvZBwrvm+cedCcQy"}],"_useOriginalSize":false,"_string":"30VDN","_N$string":"30VDN","_fontSize":30,"_lineHeight":35,"_N$horizontalAlign":1,"_N$verticalAlign":1},{"__type__":"cc.Node","_name":"label_name","_parent":{"__id__":1},"_components":[{"__id__":9},{"__type__":"cc.LabelOutline","node":{"__id__":8},"_width":2}],"_prefab":{"__type__":"cc.PrefabInfo","root":{"__id__":1},"asset":{"__uuid__":"d6QkTOC/JMMJ2Ib80p7p+3"},"fileId":"6c+d25aEBAWoOCvBfc4TSc"},"_color":{"__type__":"cc.Color","r":248,"g":145,"b":1},"_contentSize":{"__type__":"cc.Size","width":104,"height":41.8},"_trs":{"__type__":"TypedArray","ctor":"Float64Array","array":[0,185.128,0,0,0,0,1,1,1,1]}},{"__type__":"cc.Label","node":{"__id__":8},"_materials":[{"__uuid__":"ecpdLyjvZBwrvm+cedCcQy"}],"_useOriginalSize":false,"_string":"远古恐龙","_N$string":"远古恐龙","_fontSize":25,"_lineHeight":30,"_N$horizontalAlign":1,"_N$verticalAlign":1},{"__type__":"cc.Node","_name":"label_prop","_parent":{"__id__":1},"_components":[{"__id__":11},{"__type__":"cc.LabelOutline","node":{"__id__":10},"_width":1.5}],"_prefab":{"__type__":"cc.PrefabInfo","root":{"__id__":1},"asset":{"__uuid__":"d6QkTOC/JMMJ2Ib80p7p+3"},"fileId":"c0/Gf1EhJEj4WyfCJGBgML"},"_color":{"__type__":"cc.Color","r":149,"g":89,"b":66},"_contentSize":{"__type__":"cc.Size","width":118,"height":40.8},"_anchorPoint":{"__type__":"cc.Vec2","y":0.5},"_trs":{"__type__":"TypedArray","ctor":"Float64Array","array":[-128.559,-13.143,0,0,0,0,1,1,1,1]}},{"__type__":"cc.Label","node":{"__id__":10},"_materials":[{"__uuid__":"ecpdLyjvZBwrvm+cedCcQy"}],"_useOriginalSize":false,"_string":"战力:6888","_N$string":"战力:6888","_fontSize":23,"_lineHeight":30,"_N$file":{"__uuid__":"66+mxSvtpMeYNrycOYYnVm"},"_isSystemFontUsed":false,"_N$horizontalAlign":1,"_N$verticalAlign":1},{"__type__":"cc.Node","_name":"label_prop","_parent":{"__id__":1},"_components":[{"__id__":13},{"__type__":"cc.LabelOutline","node":{"__id__":12},"_width":1.5}],"_prefab":{"__type__":"cc.PrefabInfo","root":{"__id__":1},"asset":{"__uuid__":"d6QkTOC/JMMJ2Ib80p7p+3"},"fileId":"7e3kI/23xN65q1kww3sT7V"},"_color":{"__type__":"cc.Color","r":149,"g":89,"b":66},"_contentSize":{"__type__":"cc.Size","width":118,"height":40.8},"_anchorPoint":{"__type__":"cc.Vec2","y":0.5},"_trs":{"__type__":"TypedArray","ctor":"Float64Array","array":[-128.559,-53.638,0,0,0,0,1,1,1,1]}},{"__type__":"cc.Label","node":{"__id__":12},"_materials":[{"__uuid__":"ecpdLyjvZBwrvm+cedCcQy"}],"_useOriginalSize":false,"_string":"体力:6888","_N$string":"体力:6888","_fontSize":23,"_lineHeight":30,"_N$file":{"__uuid__":"66+mxSvtpMeYNrycOYYnVm"},"_isSystemFontUsed":false,"_N$horizontalAlign":1,"_N$verticalAlign":1},{"__type__":"cc.Node","_name":"label_prop","_parent":{"__id__":1},"_components":[{"__id__":15},{"__type__":"cc.LabelOutline","node":{"__id__":14},"_width":1.5}],"_prefab":{"__type__":"cc.PrefabInfo","root":{"__id__":1},"asset":{"__uuid__":"d6QkTOC/JMMJ2Ib80p7p+3"},"fileId":"a5Cm7EaulJuoRguDI563VH"},"_color":{"__type__":"cc.Color","r":149,"g":89,"b":66},"_contentSize":{"__type__":"cc.Size","width":118,"height":40.8},"_anchorPoint":{"__type__":"cc.Vec2","y":0.5},"_trs":{"__type__":"TypedArray","ctor":"Float64Array","array":[-128.559,-96.382,0,0,0,0,1,1,1,1]}},{"__type__":"cc.Label","node":{"__id__":14},"_materials":[{"__uuid__":"ecpdLyjvZBwrvm+cedCcQy"}],"_useOriginalSize":false,"_string":"灵力:6888","_N$string":"灵力:6888","_fontSize":23,"_lineHeight":30,"_N$file":{"__uuid__":"66+mxSvtpMeYNrycOYYnVm"},"_isSystemFontUsed":false,"_N$horizontalAlign":1,"_N$verticalAlign":1}]]