{"__type__":"cc.EffectAsset","_name":"RadialBlur","techniques":[{"passes":[{"blendState":{"targets":[{"blend":true}]},"rasterizerState":{"cullMode":0},"program":"RadialBlur|vs|fs","properties":{"texture":{"value":"white","type":29},"iCenter":{"value":[0.5,0.5],"type":14},"iResolution":{"value":[1280,720,0,0],"type":16},"Strength":{"value":[0.125],"type":13}}}]}],"shaders":[{"hash":1070991209,"glsl3":{"vert":"\nprecision highp float;\nuniform CCGlobal {\n  vec4 cc_time;\n\n  vec4 cc_screenSize;\n\n  vec4 cc_screenScale;\n\n  vec4 cc_nativeSize;\n\n  mat4 cc_matView;\n  mat4 cc_matViewInv;\n  mat4 cc_matProj;\n  mat4 cc_matProjInv;\n  mat4 cc_matViewProj;\n  mat4 cc_matViewProjInv;\n  vec4 cc_cameraPos;\n\n  vec4 cc_exposure;\n\n  vec4 cc_mainLitDir;\n\n  vec4 cc_mainLitColor;\n\n  vec4 cc_ambientSky;\n  vec4 cc_ambientGround;\n};\nuniform CCLocal {\n  mat4 cc_matWorld;\n  mat4 cc_matWorldIT;\n};\n\nin vec3 a_position;\nin vec4 a_color;\nout vec4 v_color;\n\n#if USE_TEXTURE\nin vec2 a_uv0;\nout vec2 v_uv0;\n#endif\n\nvoid main () {\n  vec4 pos = vec4(a_position, 1);\n\n  #if CC_USE_MODEL\n  pos = cc_matViewProj * cc_matWorld * pos;\n  #else\n  pos = cc_matViewProj * pos;\n  #endif\n\n  #if USE_TEXTURE\n  v_uv0 = a_uv0;\n  #endif\n\n  v_color = a_color;\n\n  gl_Position = pos;\n}\n","frag":"\nprecision highp float;\n\nuniform sampler2D texture;\nvarying vec2 v_uv0;\nuniform PROPERTIES {\n    vec4 iResolution;\n    vec2 iCenter;\n    float Strength;\n}\n\nvoid mainImage( out vec4 fragColor, in vec2 fragCoord )\n{\n\n    const int Samples = 64;\n\n    vec2 uv = fragCoord.xy;\n    \n    vec2 dir = (fragCoord.xy-iCenter.xy);\n\n    vec4 color = vec4(0.0,0.0,0.0,0.0);\n    \n    for (int i = 0; i < Samples; i += 2)\n\n    {\n        color += texture2D(texture,uv+float(i)/float(Samples)*dir*Strength);\n        color += texture2D(texture,uv+float(i+1)/float(Samples)*dir*Strength);\n    }   \n    \n    fragColor = color/float(Samples);\n}\n    \nvoid main(void)\n{\n    mainImage(gl_FragColor, v_uv0);\n}\n"},"glsl1":{"vert":"\nprecision highp float;\nuniform mat4 cc_matViewProj;\nuniform mat4 cc_matWorld;\n\nattribute vec3 a_position;\nattribute vec4 a_color;\nvarying vec4 v_color;\n\n#if USE_TEXTURE\nattribute vec2 a_uv0;\nvarying vec2 v_uv0;\n#endif\n\nvoid main () {\n  vec4 pos = vec4(a_position, 1);\n\n  #if CC_USE_MODEL\n  pos = cc_matViewProj * cc_matWorld * pos;\n  #else\n  pos = cc_matViewProj * pos;\n  #endif\n\n  #if USE_TEXTURE\n  v_uv0 = a_uv0;\n  #endif\n\n  v_color = a_color;\n\n  gl_Position = pos;\n}\n","frag":"\nprecision highp float;\n\nuniform sampler2D texture;\nvarying vec2 v_uv0;\nuniform vec2 iCenter;\nuniform float Strength;\nvoid mainImage( out vec4 fragColor, in vec2 fragCoord )\n{\n\n    const int Samples = 64;\n\n    vec2 uv = fragCoord.xy;\n    \n    vec2 dir = (fragCoord.xy-iCenter.xy);\n\n    vec4 color = vec4(0.0,0.0,0.0,0.0);\n    \n    for (int i = 0; i < Samples; i += 2)\n\n    {\n        color += texture2D(texture,uv+float(i)/float(Samples)*dir*Strength);\n        color += texture2D(texture,uv+float(i+1)/float(Samples)*dir*Strength);\n    }   \n    \n    fragColor = color/float(Samples);\n}\n    \nvoid main(void)\n{\n    mainImage(gl_FragColor, v_uv0);\n}\n"},"builtins":{"globals":{"blocks":[{"name":"CCGlobal","defines":[]}],"samplers":[]},"locals":{"blocks":[{"name":"CCLocal","defines":[]}],"samplers":[]}},"defines":[{"name":"USE_TEXTURE","type":"boolean","defines":[]},{"name":"CC_USE_MODEL","type":"boolean","defines":[]}],"blocks":[{"name":"PROPERTIES","members":[{"name":"iResolution","type":16,"count":1},{"name":"iCenter","type":14,"count":1},{"name":"Strength","type":13,"count":1}],"defines":[],"binding":0}],"samplers":[{"name":"texture","type":29,"count":1,"defines":[],"binding":30}],"dependencies":{},"name":"RadialBlur|vs|fs"}]}