[[{"__type__":"cc.Prefab","_name":"game_item","data":{"__id__":1}},{"__type__":"cc.Node","_name":"game_item","_children":[{"__id__":2},{"__id__":5}],"_components":[{"__type__":"cc.Sprite","node":{"__id__":1},"_materials":[{"__uuid__":"ecpdLyjvZBwrvm+cedCcQy"}],"_spriteFrame":{"__uuid__":"86hW8RqQNDE7yoUjdGOR7G"}},{"__type__":"4b395QZ31hLDp/XC3YhgTR3","node":{"__id__":1},"icon_pic":{"__id__":4},"label_name":{"__id__":6}},{"__type__":"cc.Button","node":{"__id__":1},"clickEvents":[{"__type__":"cc.ClickEvent","target":{"__id__":1},"_componentId":"4b395QZ31hLDp/XC3YhgTR3","handler":"jumpTo"}]}],"_prefab":{"__type__":"cc.PrefabInfo","root":{"__id__":1},"asset":{"__uuid__":"25Wi/kJ8FPhZTSLQbxq6aw"},"fileId":"828+SIwydDS52nD4X8zAj9"},"_contentSize":{"__type__":"cc.Size","width":168,"height":207},"_trs":{"__type__":"TypedArray","ctor":"Float64Array","array":[-471,-123.5,0,0,0,0,1,1,1,1]}},{"__type__":"cc.Node","_name":"mask","_parent":{"__id__":1},"_children":[{"__id__":3}],"_components":[{"__type__":"cc.Mask","node":{"__id__":2},"_materials":[{"__uuid__":"ecpdLyjvZBwrvm+cedCcQy"}],"_spriteFrame":{"__uuid__":"edXQS19YdLZovFdJv8YL6A"},"_type":2}],"_prefab":{"__type__":"cc.PrefabInfo","root":{"__id__":1},"asset":{"__uuid__":"25Wi/kJ8FPhZTSLQbxq6aw"},"fileId":"6cgQUkth1DLI9SA3WDPO8W"},"_contentSize":{"__type__":"cc.Size","width":100,"height":100},"_trs":{"__type__":"TypedArray","ctor":"Float64Array","array":[0,34.515,0,0,0,0,1,1,1,1]}},{"__type__":"cc.Node","_name":"icon","_parent":{"__id__":2},"_components":[{"__id__":4}],"_prefab":{"__type__":"cc.PrefabInfo","root":{"__id__":1},"asset":{"__uuid__":"25Wi/kJ8FPhZTSLQbxq6aw"},"fileId":"2aoVcZtyRPa4T3HkMSLC2u"},"_contentSize":{"__type__":"cc.Size","width":100,"height":99},"_trs":{"__type__":"TypedArray","ctor":"Float64Array","array":[0,0,0,0,0,0,1,1,1,1]}},{"__type__":"cc.Sprite","node":{"__id__":3},"_materials":[{"__uuid__":"ecpdLyjvZBwrvm+cedCcQy"}]},{"__type__":"cc.Node","_name":"label_name","_parent":{"__id__":1},"_components":[{"__id__":6}],"_prefab":{"__type__":"cc.PrefabInfo","root":{"__id__":1},"asset":{"__uuid__":"25Wi/kJ8FPhZTSLQbxq6aw"},"fileId":"b3jalmMqdD1aCM665jo4b+"},"_color":{"__type__":"cc.Color","r":149,"g":89,"b":66},"_contentSize":{"__type__":"cc.Size","width":140,"height":37.8},"_trs":{"__type__":"TypedArray","ctor":"Float64Array","array":[0,-50.204,0,0,0,0,1,1,1,1]}},{"__type__":"cc.Label","node":{"__id__":5},"_materials":[{"__uuid__":"ecpdLyjvZBwrvm+cedCcQy"}],"_useOriginalSize":false,"_fontSize":23,"_lineHeight":30,"_N$horizontalAlign":1,"_N$verticalAlign":1,"_N$overflow":3}],{"__type__":"cc.SpriteFrame","content":{"name":"1@2x(1)","texture":"42lsAD63NOfY5u0k9ZRW9D","rect":[0,3,168,207],"offset":[-0.5,-1],"originalSize":[169,211],"capInsets":[0,0,0,0]}},{"__type__":"cc.SpriteFrame","content":{"name":"圆角矩形 549@2x","texture":"b7+Gq4+hpKsr3bJTkZO1u/","rect":[4,5,104,104],"offset":[-0.5,2.5],"originalSize":[113,119],"capInsets":[28.5,27.5,27.5,21.5]}}]