[[{"__type__":"cc.SceneAsset","_name":"hotUpdate","scene":{"__id__":1},"asyncLoadAssets":null},{"__type__":"cc.Scene","_name":"New Node","_children":[{"__id__":2}],"_active":false,"_anchorPoint":{"__type__":"cc.Vec2"},"_trs":{"__type__":"TypedArray","ctor":"Float64Array","array":[0,0,0,0,0,0,1,1,1,1]},"autoReleaseAssets":false},{"__type__":"cc.Node","_name":"Canvas","_parent":{"__id__":1},"_children":[{"__id__":3},{"__id__":4},{"__id__":5},{"__id__":7}],"_components":[{"__type__":"cc.Canvas","node":{"__id__":2},"_designResolution":{"__type__":"cc.Size","width":1624,"height":750},"_fitWidth":true,"_fitHeight":false},{"__type__":"c6edbCiqItFsKAVcesZSzJZ","node":{"__id__":2},"manifestUrl":{"__uuid__":"58S13G8FJDfJ3jWICPYAsR"},"infoLb":{"__id__":6},"searchPathsLb":{"__id__":8}}],"_contentSize":{"__type__":"cc.Size","width":1624,"height":750},"_trs":{"__type__":"TypedArray","ctor":"Float64Array","array":[812,375,0,0,0,0,1,1,1,1]},"_id":"9c8a7UIqpMNrdGZHnDzq2z"},{"__type__":"cc.Node","_name":"Main Camera","_parent":{"__id__":2},"_components":[{"__type__":"cc.Camera","node":{"__id__":3},"_clearFlags":7,"_depth":-1}],"_trs":{"__type__":"TypedArray","ctor":"Float64Array","array":[0,0,423.4864224505905,0,0,0,1,1,1,1]}},{"__type__":"cc.Node","_name":"bg","_parent":{"__id__":2},"_components":[{"__type__":"cc.Sprite","node":{"__id__":4},"_materials":[{"__uuid__":"ecpdLyjvZBwrvm+cedCcQy"}],"_spriteFrame":{"__uuid__":"f3Lko5m3RAA7ax4hTKMFl7"}}],"_contentSize":{"__type__":"cc.Size","width":1200,"height":700},"_trs":{"__type__":"TypedArray","ctor":"Float64Array","array":[0,0,0,0,0,0,1,1.8,1.8,1]}},{"__type__":"cc.Node","_name":"label_info","_parent":{"__id__":2},"_components":[{"__id__":6},{"__type__":"cc.LabelOutline","node":{"__id__":5},"_color":{"__type__":"cc.Color"},"_width":2}],"_contentSize":{"__type__":"cc.Size","width":124,"height":54.4},"_trs":{"__type__":"TypedArray","ctor":"Float64Array","array":[0,0,0,0,0,0,1,1,1,1]}},{"__type__":"cc.Label","node":{"__id__":5},"_materials":[{"__uuid__":"ecpdLyjvZBwrvm+cedCcQy"}],"_useOriginalSize":false,"_string":"更新中","_N$string":"更新中","_N$horizontalAlign":1,"_N$verticalAlign":1},{"__type__":"cc.Node","_name":"label_progress","_parent":{"__id__":2},"_active":false,"_components":[{"__id__":8}],"_contentSize":{"__type__":"cc.Size","width":57.81,"height":50.4},"_trs":{"__type__":"TypedArray","ctor":"Float64Array","array":[0,-89.121,0,0,0,0,1,1,1,1]}},{"__type__":"cc.Label","node":{"__id__":7},"_materials":[{"__uuid__":"ecpdLyjvZBwrvm+cedCcQy"}],"_useOriginalSize":false,"_string":"0%","_N$string":"0%","_N$horizontalAlign":1,"_N$verticalAlign":1}],{"__type__":"cc.SpriteFrame","content":{"name":"bg222","texture":"63UB7N6hxBN6Z89hN36Ryh","rect":[0,0,1200,700],"offset":[0,0],"originalSize":[1200,700],"capInsets":[0,0,0,0]}}]