[{"__type__":"cc.SpriteFrame","content":{"name":"bg@2x(1)","texture":"71oWIQkm5CGpLLTmaVvN8k","rect":[14,25,168,159],"offset":[0,-2.5],"originalSize":[196,204],"capInsets":[0,0,0,0]}},{"__type__":"cc.SpriteFrame","content":{"name":"diamond@2x","texture":"01c6gaIo5MabnoRhUmELt9","rect":[0,0,57,55],"offset":[0,0],"originalSize":[57,55],"capInsets":[0,0,0,0]}},[{"__type__":"cc.Prefab","_name":"NFT_item","data":{"__id__":1}},{"__type__":"cc.Node","_name":"NFT_item","_children":[{"__id__":2},{"__id__":3},{"__id__":5},{"__id__":9},{"__id__":11},{"__id__":13},{"__id__":15}],"_components":[{"__type__":"cc.Sprite","node":{"__id__":1},"_materials":[{"__uuid__":"ecpdLyjvZBwrvm+cedCcQy"}],"_spriteFrame":{"__uuid__":"a64ylTIWNHXIlLlIY3S4pM"}},{"__type__":"195a0kjzgFNW6tRsqgbtLT2","node":{"__id__":1},"icon_pic":{"__id__":4},"label_name":{"__id__":10},"label_prop1":{"__id__":12},"label_prop2":{"__id__":14},"label_prop3":{"__id__":16},"label_fee":{"__id__":8}}],"_prefab":{"__type__":"cc.PrefabInfo","root":{"__id__":1},"asset":{"__uuid__":"76Q2wf6DtPCJwaN3aJWPPg"},"fileId":"edoAgxzatFFKSsH4HcOudz"},"_contentSize":{"__type__":"cc.Size","width":280,"height":420},"_trs":{"__type__":"TypedArray","ctor":"Float64Array","array":[-475,-210,0,0,0,0,1,1,1,1]}},{"__type__":"cc.Node","_name":"icon_bottom","_parent":{"__id__":1},"_active":false,"_components":[{"__type__":"cc.Sprite","node":{"__id__":2},"_materials":[{"__uuid__":"ecpdLyjvZBwrvm+cedCcQy"}],"_spriteFrame":{"__uuid__":"40NB3bCWhHW5O/9IsDpiwe"}}],"_prefab":{"__type__":"cc.PrefabInfo","root":{"__id__":1},"asset":{"__uuid__":"76Q2wf6DtPCJwaN3aJWPPg"},"fileId":"eaGtEOITdH27fE0L4OoWEH"},"_contentSize":{"__type__":"cc.Size","width":168,"height":159},"_trs":{"__type__":"TypedArray","ctor":"Float64Array","array":[0,25.102,0,0,0,0,1,1,1,1]}},{"__type__":"cc.Node","_name":"icon_pic","_parent":{"__id__":1},"_components":[{"__id__":4}],"_prefab":{"__type__":"cc.PrefabInfo","root":{"__id__":1},"asset":{"__uuid__":"76Q2wf6DtPCJwaN3aJWPPg"},"fileId":"e17IM5R6hM6LCKbwRpKK8b"},"_contentSize":{"__type__":"cc.Size","width":180,"height":207},"_trs":{"__type__":"TypedArray","ctor":"Float64Array","array":[0,25.102,0,0,0,0,1,1,1,1]}},{"__type__":"cc.Sprite","node":{"__id__":3},"_materials":[{"__uuid__":"ecpdLyjvZBwrvm+cedCcQy"}],"_spriteFrame":{"__uuid__":"88LdQpRS1H2Ygovnl8l0LE"},"_sizeMode":0},{"__type__":"cc.Node","_name":"btn_buy","_parent":{"__id__":1},"_children":[{"__id__":6},{"__id__":7}],"_components":[{"__type__":"cc.Sprite","node":{"__id__":5},"_materials":[{"__uuid__":"ecpdLyjvZBwrvm+cedCcQy"}],"_spriteFrame":{"__uuid__":"7dFDYDmx5Bd4NP02Gsw8p2"},"_sizeMode":0},{"__type__":"cc.Button","node":{"__id__":5},"_normalMaterial":{"__uuid__":"ecpdLyjvZBwrvm+cedCcQy"},"zoomScale":0.9,"clickEvents":[{"__type__":"cc.ClickEvent","target":{"__id__":1},"_componentId":"195a0kjzgFNW6tRsqgbtLT2","handler":"buy"}],"_N$transition":3,"transition":3}],"_prefab":{"__type__":"cc.PrefabInfo","root":{"__id__":1},"asset":{"__uuid__":"76Q2wf6DtPCJwaN3aJWPPg"},"fileId":"9e0AlFCOBEE6jDtWoy94gE"},"_contentSize":{"__type__":"cc.Size","width":216,"height":60},"_trs":{"__type__":"TypedArray","ctor":"Float64Array","array":[0,-166.301,0,0,0,0,1,1,1,1]}},{"__type__":"cc.Node","_name":"diamond@2x","_parent":{"__id__":5},"_components":[{"__type__":"cc.Sprite","node":{"__id__":6},"_materials":[{"__uuid__":"ecpdLyjvZBwrvm+cedCcQy"}],"_spriteFrame":{"__uuid__":"64IvCgAq9Lsrnp73xziTUE"}}],"_prefab":{"__type__":"cc.PrefabInfo","root":{"__id__":1},"asset":{"__uuid__":"76Q2wf6DtPCJwaN3aJWPPg"},"fileId":"7a1SIrKypHR6ss7LvgSH3n"},"_contentSize":{"__type__":"cc.Size","width":57,"height":55},"_trs":{"__type__":"TypedArray","ctor":"Float64Array","array":[77.106,0,0,0,0,0,1,0.75,0.75,1]}},{"__type__":"cc.Node","_name":"label_fee","_parent":{"__id__":5},"_components":[{"__id__":8}],"_prefab":{"__type__":"cc.PrefabInfo","root":{"__id__":1},"asset":{"__uuid__":"76Q2wf6DtPCJwaN3aJWPPg"},"fileId":"1bDDBK3KJJibJjeN7IOO9n"},"_color":{"__type__":"cc.Color","r":17,"g":110,"b":57},"_contentSize":{"__type__":"cc.Size","width":145.98,"height":37.8},"_trs":{"__type__":"TypedArray","ctor":"Float64Array","array":[-15.666,0,0,0,0,0,1,1,1,1]}},{"__type__":"cc.Label","node":{"__id__":7},"_materials":[{"__uuid__":"ecpdLyjvZBwrvm+cedCcQy"}],"_useOriginalSize":false,"_string":"100000.0000","_N$string":"100000.0000","_fontSize":25,"_lineHeight":30,"_N$horizontalAlign":1,"_N$verticalAlign":1},{"__type__":"cc.Node","_name":"label_name","_parent":{"__id__":1},"_components":[{"__id__":10},{"__type__":"cc.LabelOutline","node":{"__id__":9},"_width":2}],"_prefab":{"__type__":"cc.PrefabInfo","root":{"__id__":1},"asset":{"__uuid__":"76Q2wf6DtPCJwaN3aJWPPg"},"fileId":"6c+d25aEBAWoOCvBfc4TSc"},"_color":{"__type__":"cc.Color","r":248,"g":145,"b":1},"_contentSize":{"__type__":"cc.Size","width":116,"height":41.8},"_trs":{"__type__":"TypedArray","ctor":"Float64Array","array":[0,185.128,0,0,0,0,1,1,1,1]}},{"__type__":"cc.Label","node":{"__id__":9},"_materials":[{"__uuid__":"ecpdLyjvZBwrvm+cedCcQy"}],"_useOriginalSize":false,"_string":"远古恐龙","_N$string":"远古恐龙","_fontSize":28,"_lineHeight":30,"_N$file":{"__uuid__":"66+mxSvtpMeYNrycOYYnVm"},"_isSystemFontUsed":false,"_N$horizontalAlign":1,"_N$verticalAlign":1},{"__type__":"cc.Node","_name":"label_prop","_parent":{"__id__":1},"_components":[{"__id__":12},{"__type__":"cc.LabelOutline","node":{"__id__":11},"_width":1.5}],"_prefab":{"__type__":"cc.PrefabInfo","root":{"__id__":1},"asset":{"__uuid__":"76Q2wf6DtPCJwaN3aJWPPg"},"fileId":"c0/Gf1EhJEj4WyfCJGBgML"},"_color":{"__type__":"cc.Color","r":149,"g":89,"b":66},"_contentSize":{"__type__":"cc.Size","width":108,"height":34.5},"_anchorPoint":{"__type__":"cc.Vec2","y":0.5},"_trs":{"__type__":"TypedArray","ctor":"Float64Array","array":[-135,-36,0,0,0,0,1,1,1,1]}},{"__type__":"cc.Label","node":{"__id__":11},"_materials":[{"__uuid__":"ecpdLyjvZBwrvm+cedCcQy"}],"_useOriginalSize":false,"_string":"战力:6888","_N$string":"战力:6888","_fontSize":21,"_lineHeight":25,"_N$file":{"__uuid__":"66+mxSvtpMeYNrycOYYnVm"},"_isSystemFontUsed":false,"_N$horizontalAlign":1,"_N$verticalAlign":1},{"__type__":"cc.Node","_name":"label_prop","_parent":{"__id__":1},"_components":[{"__id__":14},{"__type__":"cc.LabelOutline","node":{"__id__":13},"_width":1.5}],"_prefab":{"__type__":"cc.PrefabInfo","root":{"__id__":1},"asset":{"__uuid__":"76Q2wf6DtPCJwaN3aJWPPg"},"fileId":"7e3kI/23xN65q1kww3sT7V"},"_color":{"__type__":"cc.Color","r":149,"g":89,"b":66},"_contentSize":{"__type__":"cc.Size","width":108,"height":34.5},"_anchorPoint":{"__type__":"cc.Vec2","y":0.5},"_trs":{"__type__":"TypedArray","ctor":"Float64Array","array":[-135,-68,0,0,0,0,1,1,1,1]}},{"__type__":"cc.Label","node":{"__id__":13},"_materials":[{"__uuid__":"ecpdLyjvZBwrvm+cedCcQy"}],"_useOriginalSize":false,"_string":"体力:6888","_N$string":"体力:6888","_fontSize":21,"_lineHeight":25,"_N$file":{"__uuid__":"66+mxSvtpMeYNrycOYYnVm"},"_isSystemFontUsed":false,"_N$horizontalAlign":1,"_N$verticalAlign":1},{"__type__":"cc.Node","_name":"label_prop","_parent":{"__id__":1},"_components":[{"__id__":16},{"__type__":"cc.LabelOutline","node":{"__id__":15},"_width":1.5}],"_prefab":{"__type__":"cc.PrefabInfo","root":{"__id__":1},"asset":{"__uuid__":"76Q2wf6DtPCJwaN3aJWPPg"},"fileId":"a5Cm7EaulJuoRguDI563VH"},"_color":{"__type__":"cc.Color","r":149,"g":89,"b":66},"_contentSize":{"__type__":"cc.Size","width":108,"height":34.5},"_anchorPoint":{"__type__":"cc.Vec2","y":0.5},"_trs":{"__type__":"TypedArray","ctor":"Float64Array","array":[-135,-101,0,0,0,0,1,1,1,1]}},{"__type__":"cc.Label","node":{"__id__":15},"_materials":[{"__uuid__":"ecpdLyjvZBwrvm+cedCcQy"}],"_useOriginalSize":false,"_string":"灵力:6888","_N$string":"灵力:6888","_fontSize":21,"_lineHeight":25,"_N$file":{"__uuid__":"66+mxSvtpMeYNrycOYYnVm"},"_isSystemFontUsed":false,"_N$horizontalAlign":1,"_N$verticalAlign":1,"_N$fontFamily":""}],{"__type__":"cc.SpriteFrame","content":{"name":"bg@2x(2)","texture":"bdvnaj5CdAY582fFbbxbFs","rect":[10,11,176,60],"offset":[-0.5,-1.5],"originalSize":[197,79],"capInsets":[0,0,0,0]}},{"__type__":"cc.SpriteFrame","content":{"name":"宝宝1","texture":"417dqTJTJKG4IB4SV8s4ah","rect":[0,0,541,621],"offset":[0,0],"originalSize":[541,621],"capInsets":[0,0,0,0]}},{"__type__":"cc.SpriteFrame","content":{"name":"bg@2x","texture":"1fggSGAsZCkIwuOqqrTxV4","rect":[0,0,280,420],"offset":[0,0],"originalSize":[280,420],"capInsets":[0,0,0,0]}}]