[{"__type__":"cc.SpriteFrame","content":{"name":"-s-金币","texture":"f6aldwjEFMhoZ7uiovLLs2","rect":[132,0,44,44],"offset":[0,0],"originalSize":[44,44],"capInsets":[0,0,0,0]}},[{"__type__":"cc.Prefab","_name":"Gold","data":{"__id__":1}},{"__type__":"cc.Node","_name":"Gold","_components":[{"__type__":"cc.Sprite","node":{"__id__":1},"_materials":[{"__uuid__":"ecpdLyjvZBwrvm+cedCcQy"}],"_spriteFrame":{"__uuid__":"58uYJP+yZCGaZlGOS8zvX4"},"_sizeMode":0},{"__type__":"eb46fpprk9MrZ4zApodT23D","node":{"__id__":1}}],"_prefab":{"__type__":"cc.PrefabInfo","root":{"__id__":1},"asset":{"__uuid__":"d1SJmFCKpAP67kKHbpfwDF"},"fileId":"c3Y+Xe0jVELqVUFUXU/o7w"},"_contentSize":{"__type__":"cc.Size","width":66,"height":66},"_trs":{"__type__":"TypedArray","ctor":"Float64Array","array":[-28.086999893188477,-200,0,0,0,0,1,1,1,1]},"_is3DNode":true}]]