{"__type__":"cc.EffectAsset","_name":"Water","techniques":[{"passes":[{"blendState":{"targets":[{"blend":true}]},"rasterizerState":{"cullMode":0},"program":"Water|vs|fs","properties":{"texture":{"value":"white","type":29},"iResolution":{"value":[1280,720],"type":14},"time":{"value":[1],"type":13}}}]}],"shaders":[{"hash":3029273706,"glsl3":{"vert":"\nprecision highp float;\nuniform CCGlobal {\n  vec4 cc_time;\n\n  vec4 cc_screenSize;\n\n  vec4 cc_screenScale;\n\n  vec4 cc_nativeSize;\n\n  mat4 cc_matView;\n  mat4 cc_matViewInv;\n  mat4 cc_matProj;\n  mat4 cc_matProjInv;\n  mat4 cc_matViewProj;\n  mat4 cc_matViewProjInv;\n  vec4 cc_cameraPos;\n\n  vec4 cc_exposure;\n\n  vec4 cc_mainLitDir;\n\n  vec4 cc_mainLitColor;\n\n  vec4 cc_ambientSky;\n  vec4 cc_ambientGround;\n};\nuniform CCLocal {\n  mat4 cc_matWorld;\n  mat4 cc_matWorldIT;\n};\n\nin vec3 a_position;\nin vec4 a_color;\nout vec4 v_color;\n\n#if USE_TEXTURE\nin vec2 a_uv0;\nout vec2 v_uv0;\n#endif\n\nvoid main () {\n  vec4 pos = vec4(a_position, 1);\n\n  #if CC_USE_MODEL\n  pos = cc_matViewProj * cc_matWorld * pos;\n  #else\n  pos = cc_matViewProj * pos;\n  #endif\n\n  #if USE_TEXTURE\n  v_uv0 = a_uv0;\n  #endif\n\n  v_color = a_color;\n\n  gl_Position = pos;\n}\n","frag":"\nprecision highp float;\n\nuniform sampler2D texture;\nvarying vec2 v_uv0;\nuniform properties {\n    vec2 iResolution;\n    float time;\n}\n\nvec2 s(vec2 p)\n{\n    float d=time*0.2,x=8.*(p.x+d),y=8.*(p.y+d);\n    return vec2(cos(x-y)*cos(y),sin(x+y)*sin(y));\n}\nvoid mainImage( out vec4 fragColor, in vec2 fragCoord )\n{\n\n    vec2 rs = iResolution.xy;\n\n    vec2 uv = fragCoord;\n    vec2 q = uv+2./iResolution.x*(s(uv)-s(uv+rs));\n\n    fragColor = texture2D(texture, q);\n}\nvoid main()\n{\n    mainImage(gl_FragColor, v_uv0.xy);\n}\n"},"glsl1":{"vert":"\nprecision highp float;\nuniform mat4 cc_matViewProj;\nuniform mat4 cc_matWorld;\n\nattribute vec3 a_position;\nattribute vec4 a_color;\nvarying vec4 v_color;\n\n#if USE_TEXTURE\nattribute vec2 a_uv0;\nvarying vec2 v_uv0;\n#endif\n\nvoid main () {\n  vec4 pos = vec4(a_position, 1);\n\n  #if CC_USE_MODEL\n  pos = cc_matViewProj * cc_matWorld * pos;\n  #else\n  pos = cc_matViewProj * pos;\n  #endif\n\n  #if USE_TEXTURE\n  v_uv0 = a_uv0;\n  #endif\n\n  v_color = a_color;\n\n  gl_Position = pos;\n}\n","frag":"\nprecision highp float;\n\nuniform sampler2D texture;\nvarying vec2 v_uv0;\nuniform vec2 iResolution;\nuniform float time;\nvec2 s(vec2 p)\n{\n    float d=time*0.2,x=8.*(p.x+d),y=8.*(p.y+d);\n    return vec2(cos(x-y)*cos(y),sin(x+y)*sin(y));\n}\nvoid mainImage( out vec4 fragColor, in vec2 fragCoord )\n{\n\n    vec2 rs = iResolution.xy;\n\n    vec2 uv = fragCoord;\n    vec2 q = uv+2./iResolution.x*(s(uv)-s(uv+rs));\n\n    fragColor = texture2D(texture, q);\n}\nvoid main()\n{\n    mainImage(gl_FragColor, v_uv0.xy);\n}\n"},"builtins":{"globals":{"blocks":[{"name":"CCGlobal","defines":[]}],"samplers":[]},"locals":{"blocks":[{"name":"CCLocal","defines":[]}],"samplers":[]}},"defines":[{"name":"USE_TEXTURE","type":"boolean","defines":[]},{"name":"CC_USE_MODEL","type":"boolean","defines":[]}],"blocks":[{"name":"properties","members":[{"name":"iResolution","type":14,"count":1},{"name":"time","type":13,"count":1}],"defines":[],"binding":0}],"samplers":[{"name":"texture","type":29,"count":1,"defines":[],"binding":30}],"dependencies":{},"name":"Water|vs|fs"}]}