{"__type__":"cc.EffectAsset","_name":"Mosaic","techniques":[{"passes":[{"blendState":{"targets":[{"blend":true}]},"rasterizerState":{"cullMode":0},"program":"Mosaic|vs|fs","properties":{"texture":{"value":"white","type":29},"mosaicSize":{"value":[15],"type":13}}}]}],"shaders":[{"hash":2036212663,"glsl3":{"vert":"\nprecision highp float;\nuniform CCGlobal {\n  vec4 cc_time;\n\n  vec4 cc_screenSize;\n\n  vec4 cc_screenScale;\n\n  vec4 cc_nativeSize;\n\n  mat4 cc_matView;\n  mat4 cc_matViewInv;\n  mat4 cc_matProj;\n  mat4 cc_matProjInv;\n  mat4 cc_matViewProj;\n  mat4 cc_matViewProjInv;\n  vec4 cc_cameraPos;\n\n  vec4 cc_exposure;\n\n  vec4 cc_mainLitDir;\n\n  vec4 cc_mainLitColor;\n\n  vec4 cc_ambientSky;\n  vec4 cc_ambientGround;\n};\nuniform CCLocal {\n  mat4 cc_matWorld;\n  mat4 cc_matWorldIT;\n};\n\nin vec3 a_position;\nin vec4 a_color;\nout vec4 v_color;\n\n#if USE_TEXTURE\nin vec2 a_uv0;\nout vec2 v_uv0;\n#endif\n\nvoid main () {\n  vec4 pos = vec4(a_position, 1);\n\n  #if CC_USE_MODEL\n  pos = cc_matViewProj * cc_matWorld * pos;\n  #else\n  pos = cc_matViewProj * pos;\n  #endif\n\n  #if USE_TEXTURE\n  v_uv0 = a_uv0;\n  #endif\n\n  v_color = a_color;\n\n  gl_Position = pos;\n}\n","frag":"\nprecision highp float;\nuniform 1{\n  float mosaicSize;\n}\n\n#if USE_TEXTURE\n\nin vec2 v_uv0;\nuniform sampler2D texture;\n#endif\n\nvoid main () {\n      vec4 color;\n      vec3 iResolution = vec3(1280,720,0);\n      vec2 xy = vec2(v_uv0.x * iResolution.x, v_uv0.y * iResolution.y);\n      vec2 xyMosaic = vec2(floor(xy.x / mosaicSize) * mosaicSize, floor(xy.y / mosaicSize) * mosaicSize);\n      vec2 xyFloor = vec2(floor(mod(xy.x, mosaicSize)), floor(mod(xy.y, mosaicSize)));\n      vec2 uvMosaic = vec2(xyMosaic.x / iResolution.x, xyMosaic.y / iResolution.y);\n      color = texture2D( texture, uvMosaic);\n      gl_FragColor = color; \n}\n"},"glsl1":{"vert":"\nprecision highp float;\nuniform mat4 cc_matViewProj;\nuniform mat4 cc_matWorld;\n\nattribute vec3 a_position;\nattribute vec4 a_color;\nvarying vec4 v_color;\n\n#if USE_TEXTURE\nattribute vec2 a_uv0;\nvarying vec2 v_uv0;\n#endif\n\nvoid main () {\n  vec4 pos = vec4(a_position, 1);\n\n  #if CC_USE_MODEL\n  pos = cc_matViewProj * cc_matWorld * pos;\n  #else\n  pos = cc_matViewProj * pos;\n  #endif\n\n  #if USE_TEXTURE\n  v_uv0 = a_uv0;\n  #endif\n\n  v_color = a_color;\n\n  gl_Position = pos;\n}\n","frag":"\nprecision highp float;\nuniform float mosaicSize;\n#if USE_TEXTURE\n\nvarying vec2 v_uv0;\nuniform sampler2D texture;\n#endif\n\nvoid main () {\n      vec4 color;\n      vec3 iResolution = vec3(1280,720,0);\n      vec2 xy = vec2(v_uv0.x * iResolution.x, v_uv0.y * iResolution.y);\n      vec2 xyMosaic = vec2(floor(xy.x / mosaicSize) * mosaicSize, floor(xy.y / mosaicSize) * mosaicSize);\n      vec2 xyFloor = vec2(floor(mod(xy.x, mosaicSize)), floor(mod(xy.y, mosaicSize)));\n      vec2 uvMosaic = vec2(xyMosaic.x / iResolution.x, xyMosaic.y / iResolution.y);\n      color = texture2D( texture, uvMosaic);\n      gl_FragColor = color; \n}\n"},"builtins":{"globals":{"blocks":[{"name":"CCGlobal","defines":[]}],"samplers":[]},"locals":{"blocks":[{"name":"CCLocal","defines":[]}],"samplers":[]}},"defines":[{"name":"USE_TEXTURE","type":"boolean","defines":[]},{"name":"CC_USE_MODEL","type":"boolean","defines":[]}],"blocks":[{"name":"1","members":[{"name":"mosaicSize","type":13,"count":1}],"defines":[],"binding":0}],"samplers":[{"name":"texture","type":29,"count":1,"defines":["USE_TEXTURE"],"binding":30}],"dependencies":{},"name":"Mosaic|vs|fs"}]}