{"__type__":"cc.EffectAsset","_name":"SearchLight","techniques":[{"passes":[{"blendState":{"targets":[{"blend":true}]},"rasterizerState":{"cullMode":0},"program":"SearchLight|vs|fs","properties":{"texture":{"value":"white","type":29},"iResolution":{"value":[1280,720],"type":14},"mouse":{"value":[520,280],"type":14},"radius":{"value":[100,100],"type":14}}}]}],"shaders":[{"hash":4187890342,"glsl3":{"vert":"\nprecision highp float;\nuniform CCGlobal {\n  vec4 cc_time;\n\n  vec4 cc_screenSize;\n\n  vec4 cc_screenScale;\n\n  vec4 cc_nativeSize;\n\n  mat4 cc_matView;\n  mat4 cc_matViewInv;\n  mat4 cc_matProj;\n  mat4 cc_matProjInv;\n  mat4 cc_matViewProj;\n  mat4 cc_matViewProjInv;\n  vec4 cc_cameraPos;\n\n  vec4 cc_exposure;\n\n  vec4 cc_mainLitDir;\n\n  vec4 cc_mainLitColor;\n\n  vec4 cc_ambientSky;\n  vec4 cc_ambientGround;\n};\nuniform CCLocal {\n  mat4 cc_matWorld;\n  mat4 cc_matWorldIT;\n};\n\nin vec3 a_position;\nin vec4 a_color;\nout vec4 v_color;\n\n#if USE_TEXTURE\nin vec2 a_uv0;\nout vec2 v_uv0;\n#endif\n\nvoid main () {\n  vec4 pos = vec4(a_position, 1);\n\n  #if CC_USE_MODEL\n  pos = cc_matViewProj * cc_matWorld * pos;\n  #else\n  pos = cc_matViewProj * pos;\n  #endif\n\n  #if USE_TEXTURE\n  v_uv0 = a_uv0;\n  #endif\n\n  v_color = a_color;\n\n  gl_Position = pos;\n}\n","frag":"\nprecision highp float;\n\n  uniform sampler2D texture;\n\n  varying vec2 v_uv0;\n  \n  uniform properties {\n      vec2 iResolution;\n      vec2 mouse;\n      vec2 radius;\n  }\n\n  void mainImage( out vec4 fragColor, in vec2 uv )\n  {\n\n      vec2 imouse = vec2(mouse.x, iResolution.y - mouse.y);\n\n      vec4 tex = texture2D(texture, uv);\n\n      vec2 d = uv*iResolution.xy -imouse.xy ;\n\n      vec2 s = radius;\n\n      float r = dot(d, d)/dot(s,s);\n      vec4 finalColor =  tex * (1.08 - r);   \n      fragColor = vec4(finalColor.rgb,0.75);\n  }\n  void main()\n  {\n      mainImage(gl_FragColor, v_uv0.xy);\n  }\n"},"glsl1":{"vert":"\nprecision highp float;\nuniform mat4 cc_matViewProj;\nuniform mat4 cc_matWorld;\n\nattribute vec3 a_position;\nattribute vec4 a_color;\nvarying vec4 v_color;\n\n#if USE_TEXTURE\nattribute vec2 a_uv0;\nvarying vec2 v_uv0;\n#endif\n\nvoid main () {\n  vec4 pos = vec4(a_position, 1);\n\n  #if CC_USE_MODEL\n  pos = cc_matViewProj * cc_matWorld * pos;\n  #else\n  pos = cc_matViewProj * pos;\n  #endif\n\n  #if USE_TEXTURE\n  v_uv0 = a_uv0;\n  #endif\n\n  v_color = a_color;\n\n  gl_Position = pos;\n}\n","frag":"\nprecision highp float;\n\n  uniform sampler2D texture;\n\n  varying vec2 v_uv0;\n  \n  uniform vec2 iResolution;\nuniform vec2 mouse;\nuniform vec2 radius;\nvoid mainImage( out vec4 fragColor, in vec2 uv )\n  {\n\n      vec2 imouse = vec2(mouse.x, iResolution.y - mouse.y);\n\n      vec4 tex = texture2D(texture, uv);\n\n      vec2 d = uv*iResolution.xy -imouse.xy ;\n\n      vec2 s = radius;\n\n      float r = dot(d, d)/dot(s,s);\n      vec4 finalColor =  tex * (1.08 - r);   \n      fragColor = vec4(finalColor.rgb,0.75);\n  }\n  void main()\n  {\n      mainImage(gl_FragColor, v_uv0.xy);\n  }\n"},"builtins":{"globals":{"blocks":[{"name":"CCGlobal","defines":[]}],"samplers":[]},"locals":{"blocks":[{"name":"CCLocal","defines":[]}],"samplers":[]}},"defines":[{"name":"USE_TEXTURE","type":"boolean","defines":[]},{"name":"CC_USE_MODEL","type":"boolean","defines":[]}],"blocks":[{"name":"properties","members":[{"name":"iResolution","type":14,"count":1},{"name":"mouse","type":14,"count":1},{"name":"radius","type":14,"count":1}],"defines":[],"binding":0}],"samplers":[{"name":"texture","type":29,"count":1,"defines":[],"binding":30}],"dependencies":{},"name":"SearchLight|vs|fs"}]}