[{"__type__":"cc.Prefab","_name":"selectItem","data":{"__id__":1}},{"__type__":"cc.Node","_name":"selectItem","_components":[{"__type__":"cc.Label","node":{"__id__":1},"_materials":[{"__uuid__":"ecpdLyjvZBwrvm+cedCcQy"}],"_useOriginalSize":false,"_string":"赛区1","_N$string":"赛区1","_lineHeight":20,"_N$horizontalAlign":1,"_N$verticalAlign":1,"_N$overflow":2}],"_prefab":{"__type__":"cc.PrefabInfo","root":{"__id__":1},"asset":{"__id__":0},"fileId":"d2fy5K0rpNMb3SDc0rL4gF"},"_color":{"__type__":"cc.Color"},"_contentSize":{"__type__":"cc.Size","width":500,"height":104},"_trs":{"__type__":"TypedArray","ctor":"Float64Array","array":[0,-52,0,0,0,0,1,1,1,1]}}]