{"__type__":"dragonBones.DragonBonesAtlasAsset","_name":"sanxiao1_tex","_atlasJson":"{\"width\":256,\"height\":512,\"name\":\"sanxiao1\",\"imagePath\":\"sanxiao1_tex.png\",\"SubTexture\":[{\"width\":24,\"y\":358,\"height\":30,\"name\":\"农名/图层1\",\"x\":204},{\"width\":26,\"y\":320,\"height\":36,\"name\":\"农名/图层2\",\"x\":204},{\"width\":246,\"y\":1,\"height\":230,\"name\":\"农名/图层3\",\"x\":1},{\"width\":72,\"y\":233,\"height\":85,\"name\":\"农名/图层_0\",\"x\":167},{\"width\":35,\"y\":320,\"height\":59,\"name\":\"农名/图层_2\",\"x\":167},{\"width\":164,\"y\":233,\"height\":138,\"name\":\"农名/图层_1\",\"x\":1}]}","_texture":{"__uuid__":"5cQFE3yQVCqJHjq8cfsYo8"},"texture":{"__uuid__":"5cQFE3yQVCqJHjq8cfsYo8"}}