{"__type__":"cc.EffectAsset","_name":"Outline","techniques":[{"passes":[{"blendState":{"targets":[{"blend":true}]},"rasterizerState":{"cullMode":0},"program":"Outline|vs|fs","properties":{"texture":{"value":"white","type":29},"iResolution":{"value":[1280,720,0,0],"type":16}}}]}],"shaders":[{"hash":1198953570,"glsl3":{"vert":"\nprecision highp float;\nuniform CCGlobal {\n  vec4 cc_time;\n\n  vec4 cc_screenSize;\n\n  vec4 cc_screenScale;\n\n  vec4 cc_nativeSize;\n\n  mat4 cc_matView;\n  mat4 cc_matViewInv;\n  mat4 cc_matProj;\n  mat4 cc_matProjInv;\n  mat4 cc_matViewProj;\n  mat4 cc_matViewProjInv;\n  vec4 cc_cameraPos;\n\n  vec4 cc_exposure;\n\n  vec4 cc_mainLitDir;\n\n  vec4 cc_mainLitColor;\n\n  vec4 cc_ambientSky;\n  vec4 cc_ambientGround;\n};\nuniform CCLocal {\n  mat4 cc_matWorld;\n  mat4 cc_matWorldIT;\n};\n\nin vec3 a_position;\nin vec4 a_color;\nout vec4 v_color;\n\n#if USE_TEXTURE\nin vec2 a_uv0;\nout vec2 v_uv0;\n#endif\n\nvoid main () {\n  vec4 pos = vec4(a_position, 1);\n\n  #if CC_USE_MODEL\n  pos = cc_matViewProj * cc_matWorld * pos;\n  #else\n  pos = cc_matViewProj * pos;\n  #endif\n\n  #if USE_TEXTURE\n  v_uv0 = a_uv0;\n  #endif\n\n  v_color = a_color;\n\n  gl_Position = pos;\n}\n","frag":"\nprecision highp float;\n\nuniform sampler2D texture;\nvarying vec2 v_uv0;\n\nuniform PROPERTIES {\n  vec4 iResolution;\n}\n\nvoid main()\n{\n    vec2 onePixel = vec2(1.0 / iResolution.x, 1.0 / iResolution.y);\n\n    vec4 color = texture2D(texture, v_uv0.xy);\n    vec4 colorRight = texture2D(texture, v_uv0.xy + vec2(0,onePixel.t));\n    vec4 colorBottom = texture2D(texture, v_uv0.xy + vec2(onePixel.s,0));\n\n    color.r = 3.0* sqrt( (color.r - colorRight.r) * (color.r - colorRight.r) + (color.r - colorBottom.r) * (color.r - colorBottom.r) );\n    color.g = 3.0* sqrt( (color.g - colorRight.g) * (color.g - colorRight.g) + (color.g - colorBottom.g) * (color.g - colorBottom.g) );\n    color.b = 3.0* sqrt( (color.b - colorRight.b) * (color.b - colorRight.b) + (color.b - colorBottom.b) * (color.b - colorBottom.b) );\n\n    color.r >1.0 ? 1.0 : color.r;\n    color.g >1.0 ? 1.0 : color.g;\n    color.b >1.0 ? 1.0 : color.b;\n    gl_FragColor = vec4(color.rgb, 1);\n}\n"},"glsl1":{"vert":"\nprecision highp float;\nuniform mat4 cc_matViewProj;\nuniform mat4 cc_matWorld;\n\nattribute vec3 a_position;\nattribute vec4 a_color;\nvarying vec4 v_color;\n\n#if USE_TEXTURE\nattribute vec2 a_uv0;\nvarying vec2 v_uv0;\n#endif\n\nvoid main () {\n  vec4 pos = vec4(a_position, 1);\n\n  #if CC_USE_MODEL\n  pos = cc_matViewProj * cc_matWorld * pos;\n  #else\n  pos = cc_matViewProj * pos;\n  #endif\n\n  #if USE_TEXTURE\n  v_uv0 = a_uv0;\n  #endif\n\n  v_color = a_color;\n\n  gl_Position = pos;\n}\n","frag":"\nprecision highp float;\n\nuniform sampler2D texture;\nvarying vec2 v_uv0;\n\nuniform vec4 iResolution;\nvoid main()\n{\n    vec2 onePixel = vec2(1.0 / iResolution.x, 1.0 / iResolution.y);\n\n    vec4 color = texture2D(texture, v_uv0.xy);\n    vec4 colorRight = texture2D(texture, v_uv0.xy + vec2(0,onePixel.t));\n    vec4 colorBottom = texture2D(texture, v_uv0.xy + vec2(onePixel.s,0));\n\n    color.r = 3.0* sqrt( (color.r - colorRight.r) * (color.r - colorRight.r) + (color.r - colorBottom.r) * (color.r - colorBottom.r) );\n    color.g = 3.0* sqrt( (color.g - colorRight.g) * (color.g - colorRight.g) + (color.g - colorBottom.g) * (color.g - colorBottom.g) );\n    color.b = 3.0* sqrt( (color.b - colorRight.b) * (color.b - colorRight.b) + (color.b - colorBottom.b) * (color.b - colorBottom.b) );\n\n    color.r >1.0 ? 1.0 : color.r;\n    color.g >1.0 ? 1.0 : color.g;\n    color.b >1.0 ? 1.0 : color.b;\n    gl_FragColor = vec4(color.rgb, 1);\n}\n"},"builtins":{"globals":{"blocks":[{"name":"CCGlobal","defines":[]}],"samplers":[]},"locals":{"blocks":[{"name":"CCLocal","defines":[]}],"samplers":[]}},"defines":[{"name":"USE_TEXTURE","type":"boolean","defines":[]},{"name":"CC_USE_MODEL","type":"boolean","defines":[]}],"blocks":[{"name":"PROPERTIES","members":[{"name":"iResolution","type":16,"count":1}],"defines":[],"binding":0}],"samplers":[{"name":"texture","type":29,"count":1,"defines":[],"binding":30}],"dependencies":{},"name":"Outline|vs|fs"}]}