[{"__type__":"cc.SpriteFrame","content":{"name":"meihua_10","texture":"14Dbw2sgFEJbQnmzWjxQNS","rect":[305,1392,105,150],"offset":[0,0],"originalSize":[105,150],"rotated":1,"capInsets":[0,0,0,0]}},{"__type__":"cc.SpriteFrame","content":{"name":"heitao_3","texture":"14Dbw2sgFEJbQnmzWjxQNS","rect":[305,643,105,150],"offset":[0,0],"originalSize":[105,150],"rotated":1,"capInsets":[0,0,0,0]}},{"__type__":"cc.SpriteFrame","content":{"name":"fangzhuan_9","texture":"14Dbw2sgFEJbQnmzWjxQNS","rect":[153,429,105,150],"offset":[0,0],"originalSize":[105,150],"rotated":1,"capInsets":[0,0,0,0]}},{"__type__":"cc.SpriteFrame","content":{"name":"fangzhuan_11","texture":"14Dbw2sgFEJbQnmzWjxQNS","rect":[1,108,105,150],"offset":[0,0],"originalSize":[105,150],"rotated":1,"capInsets":[0,0,0,0]}},{"__type__":"cc.SpriteFrame","content":{"name":"hongxin_4","texture":"14Dbw2sgFEJbQnmzWjxQNS","rect":[153,1178,105,150],"offset":[0,0],"originalSize":[105,150],"rotated":1,"capInsets":[0,0,0,0]}},{"__type__":"cc.SpriteFrame","content":{"name":"hongxin_9","texture":"14Dbw2sgFEJbQnmzWjxQNS","rect":[1,1392,105,150],"offset":[0,0],"originalSize":[105,150],"rotated":1,"capInsets":[0,0,0,0]}},{"__type__":"cc.SpriteFrame","content":{"name":"meihua_3","texture":"14Dbw2sgFEJbQnmzWjxQNS","rect":[153,1606,105,150],"offset":[0,0],"originalSize":[105,150],"rotated":1,"capInsets":[0,0,0,0]}},{"__type__":"cc.SpriteFrame","content":{"name":"heitao_4","texture":"14Dbw2sgFEJbQnmzWjxQNS","rect":[1,750,105,150],"offset":[0,0],"originalSize":[105,150],"rotated":1,"capInsets":[0,0,0,0]}},{"__type__":"cc.SpriteFrame","content":{"name":"fangzhuan_6","texture":"14Dbw2sgFEJbQnmzWjxQNS","rect":[153,322,105,150],"offset":[0,0],"originalSize":[105,150],"rotated":1,"capInsets":[0,0,0,0]}},{"__type__":"cc.SpriteFrame","content":{"name":"heitao_8","texture":"14Dbw2sgFEJbQnmzWjxQNS","rect":[153,857,105,150],"offset":[0,0],"originalSize":[105,150],"rotated":1,"capInsets":[0,0,0,0]}},{"__type__":"cc.SpriteFrame","content":{"name":"fangzhuan_12","texture":"14Dbw2sgFEJbQnmzWjxQNS","rect":[153,108,105,150],"offset":[0,0],"originalSize":[105,150],"rotated":1,"capInsets":[0,0,0,0]}},{"__type__":"cc.SpriteFrame","content":{"name":"heitao_2","texture":"14Dbw2sgFEJbQnmzWjxQNS","rect":[153,643,105,150],"offset":[0,0],"originalSize":[105,150],"rotated":1,"capInsets":[0,0,0,0]}},{"__type__":"cc.SpriteFrame","content":{"name":"hongxin_10","texture":"14Dbw2sgFEJbQnmzWjxQNS","rect":[153,964,105,150],"offset":[0,0],"originalSize":[105,150],"rotated":1,"capInsets":[0,0,0,0]}},{"__type__":"cc.SpriteFrame","content":{"name":"fangzhuan_4","texture":"14Dbw2sgFEJbQnmzWjxQNS","rect":[305,215,105,150],"offset":[0,0],"originalSize":[105,150],"rotated":1,"capInsets":[0,0,0,0]}},{"__type__":"cc.SpriteFrame","content":{"name":"heitao_1","texture":"14Dbw2sgFEJbQnmzWjxQNS","rect":[305,429,105,150],"offset":[0,0],"originalSize":[105,150],"rotated":1,"capInsets":[0,0,0,0]}},{"__type__":"cc.SpriteFrame","content":{"name":"hongxin_13","texture":"14Dbw2sgFEJbQnmzWjxQNS","rect":[153,1071,105,150],"offset":[0,0],"originalSize":[105,150],"rotated":1,"capInsets":[0,0,0,0]}},{"__type__":"cc.SpriteFrame","content":{"name":"fangzhuan_5","texture":"14Dbw2sgFEJbQnmzWjxQNS","rect":[1,322,105,150],"offset":[0,0],"originalSize":[105,150],"rotated":1,"capInsets":[0,0,0,0]}},{"__type__":"cc.SpriteFrame","content":{"name":"fangzhuan_1","texture":"14Dbw2sgFEJbQnmzWjxQNS","rect":[153,1,105,150],"offset":[0,0],"originalSize":[105,150],"rotated":1,"capInsets":[0,0,0,0]}},{"__type__":"cc.SpriteFrame","content":{"name":"meihua_8","texture":"14Dbw2sgFEJbQnmzWjxQNS","rect":[1,1820,105,150],"offset":[0,0],"originalSize":[105,150],"rotated":1,"capInsets":[0,0,0,0]}},{"__type__":"cc.SpriteFrame","content":{"name":"xiaowang_0","texture":"14Dbw2sgFEJbQnmzWjxQNS","rect":[305,1820,105,150],"offset":[0,0],"originalSize":[105,150],"rotated":1,"capInsets":[0,0,0,0]}},{"__type__":"cc.SpriteFrame","content":{"name":"meihua_2","texture":"14Dbw2sgFEJbQnmzWjxQNS","rect":[1,1606,105,150],"offset":[0,0],"originalSize":[105,150],"rotated":1,"capInsets":[0,0,0,0]}},{"__type__":"cc.SpriteFrame","content":{"name":"meihua_9","texture":"14Dbw2sgFEJbQnmzWjxQNS","rect":[153,1820,105,150],"offset":[0,0],"originalSize":[105,150],"rotated":1,"capInsets":[0,0,0,0]}},{"__type__":"cc.SpriteFrame","content":{"name":"hongxin_6","texture":"14Dbw2sgFEJbQnmzWjxQNS","rect":[1,1285,105,150],"offset":[0,0],"originalSize":[105,150],"rotated":1,"capInsets":[0,0,0,0]}},{"__type__":"cc.SpriteFrame","content":{"name":"meihua_1","texture":"14Dbw2sgFEJbQnmzWjxQNS","rect":[153,1392,105,150],"offset":[0,0],"originalSize":[105,150],"rotated":1,"capInsets":[0,0,0,0]}},{"__type__":"cc.SpriteFrame","content":{"name":"meihua_6","texture":"14Dbw2sgFEJbQnmzWjxQNS","rect":[153,1713,105,150],"offset":[0,0],"originalSize":[105,150],"rotated":1,"capInsets":[0,0,0,0]}},{"__type__":"cc.SpriteFrame","content":{"name":"meihua_4","texture":"14Dbw2sgFEJbQnmzWjxQNS","rect":[305,1606,105,150],"offset":[0,0],"originalSize":[105,150],"rotated":1,"capInsets":[0,0,0,0]}},{"__type__":"cc.SpriteFrame","content":{"name":"hongxin_11","texture":"14Dbw2sgFEJbQnmzWjxQNS","rect":[305,964,105,150],"offset":[0,0],"originalSize":[105,150],"rotated":1,"capInsets":[0,0,0,0]}},{"__type__":"cc.SpriteFrame","content":{"name":"heitao_13","texture":"14Dbw2sgFEJbQnmzWjxQNS","rect":[1,643,105,150],"offset":[0,0],"originalSize":[105,150],"rotated":1,"capInsets":[0,0,0,0]}},{"__type__":"cc.SpriteFrame","content":{"name":"fangzhuan_2","texture":"14Dbw2sgFEJbQnmzWjxQNS","rect":[1,215,105,150],"offset":[0,0],"originalSize":[105,150],"rotated":1,"capInsets":[0,0,0,0]}},{"__type__":"cc.SpriteFrame","content":{"name":"heitao_11","texture":"14Dbw2sgFEJbQnmzWjxQNS","rect":[153,536,105,150],"offset":[0,0],"originalSize":[105,150],"rotated":1,"capInsets":[0,0,0,0]}},{"__type__":"cc.SpriteFrame","content":{"name":"heitao_10","texture":"14Dbw2sgFEJbQnmzWjxQNS","rect":[1,536,105,150],"offset":[0,0],"originalSize":[105,150],"rotated":1,"capInsets":[0,0,0,0]}},{"__type__":"cc.SpriteFrame","content":{"name":"heitao_12","texture":"14Dbw2sgFEJbQnmzWjxQNS","rect":[305,536,105,150],"offset":[0,0],"originalSize":[105,150],"rotated":1,"capInsets":[0,0,0,0]}},{"__type__":"cc.SpriteFrame","content":{"name":"meihua_12","texture":"14Dbw2sgFEJbQnmzWjxQNS","rect":[153,1499,105,150],"offset":[0,0],"originalSize":[105,150],"rotated":1,"capInsets":[0,0,0,0]}},{"__type__":"cc.SpriteFrame","content":{"name":"fangzhuan_3","texture":"14Dbw2sgFEJbQnmzWjxQNS","rect":[153,215,105,150],"offset":[0,0],"originalSize":[105,150],"rotated":1,"capInsets":[0,0,0,0]}},{"__type__":"cc.SpriteFrame","content":{"name":"fangzhuan_7","texture":"14Dbw2sgFEJbQnmzWjxQNS","rect":[305,322,105,150],"offset":[0,0],"originalSize":[105,150],"rotated":1,"capInsets":[0,0,0,0]}},{"__type__":"cc.SpriteFrame","content":{"name":"hongxin_3","texture":"14Dbw2sgFEJbQnmzWjxQNS","rect":[1,1178,105,150],"offset":[0,0],"originalSize":[105,150],"rotated":1,"capInsets":[0,0,0,0]}},{"__type__":"cc.SpriteFrame","content":{"name":"meihua_13","texture":"14Dbw2sgFEJbQnmzWjxQNS","rect":[305,1499,105,150],"offset":[0,0],"originalSize":[105,150],"rotated":1,"capInsets":[0,0,0,0]}},{"__type__":"cc.SpriteFrame","content":{"name":"hongxin_5","texture":"14Dbw2sgFEJbQnmzWjxQNS","rect":[305,1178,105,150],"offset":[0,0],"originalSize":[105,150],"rotated":1,"capInsets":[0,0,0,0]}},{"__type__":"cc.SpriteFrame","content":{"name":"dawang_0","texture":"14Dbw2sgFEJbQnmzWjxQNS","rect":[1,1,105,150],"offset":[0,0],"originalSize":[105,150],"rotated":1,"capInsets":[0,0,0,0]}},{"__type__":"cc.SpriteFrame","content":{"name":"fangzhuan_10","texture":"14Dbw2sgFEJbQnmzWjxQNS","rect":[305,1,105,150],"offset":[0,0],"originalSize":[105,150],"rotated":1,"capInsets":[0,0,0,0]}},{"__type__":"cc.SpriteFrame","content":{"name":"hongxin_2","texture":"14Dbw2sgFEJbQnmzWjxQNS","rect":[305,1071,105,150],"offset":[0,0],"originalSize":[105,150],"rotated":1,"capInsets":[0,0,0,0]}},{"__type__":"cc.SpriteFrame","content":{"name":"hongxin_12","texture":"14Dbw2sgFEJbQnmzWjxQNS","rect":[1,1071,105,150],"offset":[0,0],"originalSize":[105,150],"rotated":1,"capInsets":[0,0,0,0]}},{"__type__":"cc.SpriteFrame","content":{"name":"heitao_7","texture":"14Dbw2sgFEJbQnmzWjxQNS","rect":[1,857,105,150],"offset":[0,0],"originalSize":[105,150],"rotated":1,"capInsets":[0,0,0,0]}},{"__type__":"cc.SpriteFrame","content":{"name":"hongxin_8","texture":"14Dbw2sgFEJbQnmzWjxQNS","rect":[305,1285,105,150],"offset":[0,0],"originalSize":[105,150],"rotated":1,"capInsets":[0,0,0,0]}},{"__type__":"cc.SpriteFrame","content":{"name":"meihua_5","texture":"14Dbw2sgFEJbQnmzWjxQNS","rect":[1,1713,105,150],"offset":[0,0],"originalSize":[105,150],"rotated":1,"capInsets":[0,0,0,0]}},{"__type__":"cc.SpriteFrame","content":{"name":"hongxin_1","texture":"14Dbw2sgFEJbQnmzWjxQNS","rect":[1,964,105,150],"offset":[0,0],"originalSize":[105,150],"rotated":1,"capInsets":[0,0,0,0]}},{"__type__":"cc.SpriteFrame","content":{"name":"fangzhuan_8","texture":"14Dbw2sgFEJbQnmzWjxQNS","rect":[1,429,105,150],"offset":[0,0],"originalSize":[105,150],"rotated":1,"capInsets":[0,0,0,0]}},{"__type__":"cc.SpriteFrame","content":{"name":"heitao_6","texture":"14Dbw2sgFEJbQnmzWjxQNS","rect":[305,750,105,150],"offset":[0,0],"originalSize":[105,150],"rotated":1,"capInsets":[0,0,0,0]}},{"__type__":"cc.SpriteAtlas","_name":"poker.plist","_spriteFrames":{"dawang_0":{"__uuid__":"c3KYd/TVFPdLJEJLZ4h8TU"},"fangzhuan_1":{"__uuid__":"6a5lMoNMNPG7cjSdVbrcGl"},"fangzhuan_10":{"__uuid__":"c3lVRvl5tMWJatYB3ASPnE"},"fangzhuan_11":{"__uuid__":"14UNjAErtME4vS9yv2fmZR"},"fangzhuan_12":{"__uuid__":"32tpxS6NVCEr31Xa5QNIgv"},"fangzhuan_13":{"__uuid__":"ebPdHrvC5O2YifshXmq20F"},"fangzhuan_2":{"__uuid__":"acI9b2M3xNj63KZrENhaw3"},"fangzhuan_3":{"__uuid__":"bfggGYv1ZFzK6O8ixefN/Z"},"fangzhuan_4":{"__uuid__":"54gFDyzJ9PiJL4cLajgyo+"},"fangzhuan_5":{"__uuid__":"65hBdAfpNHH49pjXgMeu0/"},"fangzhuan_6":{"__uuid__":"25Jp1DW5BA1YrCEeFVvjk5"},"fangzhuan_7":{"__uuid__":"c0D+TGTWZOR52HOlqUHDRb"},"fangzhuan_8":{"__uuid__":"e0XMkaaUVNXp9HQLzyuLWp"},"fangzhuan_9":{"__uuid__":"0baxd3R3lG/bmqPwEKinfr"},"heitao_1":{"__uuid__":"59aLeVpFxL9bF1cMZrU6D5"},"heitao_10":{"__uuid__":"b7UytR52tPIq/6/fetORpv"},"heitao_11":{"__uuid__":"aeQZXPTEVGA7YPAy7G6P5C"},"heitao_12":{"__uuid__":"bauqolDm1AEZrrWhFQ9GYF"},"heitao_13":{"__uuid__":"a7SYdltuZEP4rEx24SoSER"},"heitao_2":{"__uuid__":"35qDgcI95NDZMM6Asjx5u/"},"heitao_3":{"__uuid__":"03gFL/XQFLH5nV1u4GF2vy"},"heitao_4":{"__uuid__":"1d9+UfzPJCiI1h23igO53k"},"heitao_5":{"__uuid__":"e69Gb9oOFBj7VFtHPMCo7s"},"heitao_6":{"__uuid__":"e1Teb01MpNYqMWRWK/iQil"},"heitao_7":{"__uuid__":"c6YcHUp4BNLqE6Hv6bkw0+"},"heitao_8":{"__uuid__":"31D5ufGdVGtLo3WXnVSxUo"},"heitao_9":{"__uuid__":"efb4r4g/NAi7MDxYW8+7tW"},"hongxin_1":{"__uuid__":"ddqrqN3YNF+pu3Wf3sKFOP"},"hongxin_10":{"__uuid__":"51eNAH9dtCM4k5LwJrNyAj"},"hongxin_11":{"__uuid__":"9aZZexD8RHZqJCJ2ZsLIDG"},"hongxin_12":{"__uuid__":"c6UHqdm+VESbJJ2GdK+GDQ"},"hongxin_13":{"__uuid__":"62ZMIxVvBJ+4WHsUUxEze+"},"hongxin_2":{"__uuid__":"c4PR2JM19K65LkUsJPLOIk"},"hongxin_3":{"__uuid__":"c2GyQ8RUBGT5rCygj0zKTu"},"hongxin_4":{"__uuid__":"15VlxKvd9NNq3GXd/IM/hu"},"hongxin_5":{"__uuid__":"c3BeRwKplOcqJtdWHeesUO"},"hongxin_6":{"__uuid__":"89X6YU+JZGnJZikUOOWA3Y"},"hongxin_7":{"__uuid__":"eaewMdWsNEAqs/ZKn12l/e"},"hongxin_8":{"__uuid__":"c8FrE5jZNNBqH+xwhFSkfW"},"hongxin_9":{"__uuid__":"16eMcJChlICLHHTKJeje1Z"},"meihua_1":{"__uuid__":"8eud23XDdJSo4czlYJvQpB"},"meihua_10":{"__uuid__":"02l1NM0HJFeqA7KQ0MEPu1"},"meihua_11":{"__uuid__":"faRDvjzLtLGbzD42ZHI8YN"},"meihua_12":{"__uuid__":"be+ijEmW1J2KkvY8wAKZWV"},"meihua_13":{"__uuid__":"c2oJVV4plCFJBQm6LlZ9hX"},"meihua_2":{"__uuid__":"76IZB+Kx1JD7deVDNqSBKZ"},"meihua_3":{"__uuid__":"1dPjT6L/NCfLg1QIyy3EMp"},"meihua_4":{"__uuid__":"97CJqk2RNJ+KEDqjyjeTBs"},"meihua_5":{"__uuid__":"dbbEFCkOhI2b2n/o7tK+IB"},"meihua_6":{"__uuid__":"8e0nDpz5BAd7hlOB09k1AM"},"meihua_7":{"__uuid__":"e66OoXK2VFgocdJAkEPkYI"},"meihua_8":{"__uuid__":"6cewcTY5pKSLZiRn+Ucbbj"},"meihua_9":{"__uuid__":"88pnnLMZZE9an+ej7/at2O"},"xiaowang_0":{"__uuid__":"6d4M1EAf9Ly7eq9ssw3m5q"}}},{"__type__":"cc.SpriteFrame","content":{"name":"meihua_7","texture":"14Dbw2sgFEJbQnmzWjxQNS","rect":[305,1713,105,150],"offset":[0,0],"originalSize":[105,150],"rotated":1,"capInsets":[0,0,0,0]}},{"__type__":"cc.SpriteFrame","content":{"name":"heitao_5","texture":"14Dbw2sgFEJbQnmzWjxQNS","rect":[153,750,105,150],"offset":[0,0],"originalSize":[105,150],"rotated":1,"capInsets":[0,0,0,0]}},{"__type__":"cc.SpriteFrame","content":{"name":"hongxin_7","texture":"14Dbw2sgFEJbQnmzWjxQNS","rect":[153,1285,105,150],"offset":[0,0],"originalSize":[105,150],"rotated":1,"capInsets":[0,0,0,0]}},{"__type__":"cc.SpriteFrame","content":{"name":"fangzhuan_13","texture":"14Dbw2sgFEJbQnmzWjxQNS","rect":[305,108,105,150],"offset":[0,0],"originalSize":[105,150],"rotated":1,"capInsets":[0,0,0,0]}},{"__type__":"cc.SpriteFrame","content":{"name":"heitao_9","texture":"14Dbw2sgFEJbQnmzWjxQNS","rect":[305,857,105,150],"offset":[0,0],"originalSize":[105,150],"rotated":1,"capInsets":[0,0,0,0]}},{"__type__":"cc.SpriteFrame","content":{"name":"meihua_11","texture":"14Dbw2sgFEJbQnmzWjxQNS","rect":[1,1499,105,150],"offset":[0,0],"originalSize":[105,150],"rotated":1,"capInsets":[0,0,0,0]}}]