[{"__type__":"cc.SpriteFrame","content":{"name":"4","texture":"d2QXy3YkdBmYZVAn5Jy9Ng","rect":[172,218,125,71],"offset":[-15.5,-3.5],"originalSize":[500,500],"capInsets":[0,0,0,0]}},{"__type__":"cc.SpriteFrame","content":{"name":"图层 28@2x","texture":"b0GhJQhv1OxJRPjau5wpF2","rect":[458,0,66,54],"offset":[0,0],"originalSize":[66,54],"capInsets":[0,0,0,0]}},{"__type__":"cc.SpriteFrame","content":{"name":"123","texture":"20DViSmFRG6JzPvoMLkgwP","rect":[0,0,55,47],"offset":[0,0],"originalSize":[55,47],"capInsets":[0,0,0,0]}},{"__type__":"cc.SpriteFrame","content":{"name":"休闲大厅","texture":"dbdxOL/iBC1p4UR89o7JCu","rect":[0,0,291,250],"offset":[0,0],"originalSize":[291,250],"capInsets":[0,0,0,0]}},{"__type__":"cc.SpriteFrame","content":{"name":"图层 19@2x","texture":"b0GhJQhv1OxJRPjau5wpF2","rect":[0,65,70,65],"offset":[0,0],"originalSize":[70,65],"capInsets":[0,0,0,0]}},{"__type__":"cc.SpriteFrame","content":{"name":"图层 12@2x","texture":"b0GhJQhv1OxJRPjau5wpF2","rect":[649,65,142,110],"offset":[0,0],"originalSize":[142,110],"capInsets":[0,0,0,0]}},{"__type__":"cc.SpriteFrame","content":{"name":"图层 9@2x","texture":"b0GhJQhv1OxJRPjau5wpF2","rect":[114,177,156,118],"offset":[0,0],"originalSize":[156,118],"capInsets":[0,0,0,0]}},{"__type__":"cc.SpriteFrame","content":{"name":"图层 29@2x","texture":"b0GhJQhv1OxJRPjau5wpF2","rect":[615,0,35,58],"offset":[0,0],"originalSize":[35,58],"capInsets":[0,0,0,0]}},{"__type__":"cc.SpriteFrame","content":{"name":"竞技场","texture":"cdyqPSPUpOyZz62ieaC8NU","rect":[0,0,243,156],"offset":[0,0],"originalSize":[243,156],"capInsets":[0,0,0,0]}},{"__type__":"cc.SpriteFrame","content":{"name":"农场","texture":"b0GhJQhv1OxJRPjau5wpF2","rect":[0,1031,275,278],"offset":[0,0],"originalSize":[275,278],"capInsets":[0,0,0,0]}},{"__type__":"cc.SpriteFrame","content":{"name":"图层 27@2x","texture":"b0GhJQhv1OxJRPjau5wpF2","rect":[0,312,224,147],"offset":[0,0],"originalSize":[224,147],"capInsets":[0,0,0,0]}},{"__type__":"cc.SpriteFrame","content":{"name":"图层 26@2x","texture":"b0GhJQhv1OxJRPjau5wpF2","rect":[196,65,98,86],"offset":[0,0],"originalSize":[98,86],"capInsets":[0,0,0,0]}},{"__type__":"cc.SpriteFrame","content":{"name":"庄园","texture":"b0GhJQhv1OxJRPjau5wpF2","rect":[224,312,289,200],"offset":[0,0],"originalSize":[289,200],"capInsets":[0,0,0,0]}},{"__type__":"cc.SpriteFrame","content":{"name":"组 4","texture":"b0GhJQhv1OxJRPjau5wpF2","rect":[168,0,239,48],"offset":[0,0],"originalSize":[239,48],"capInsets":[31,13,32,12]}},{"__type__":"cc.SpriteFrame","content":{"name":"交易大厅","texture":"b0GhJQhv1OxJRPjau5wpF2","rect":[625,1031,257,291],"offset":[0,0],"originalSize":[257,291],"capInsets":[0,0,0,0]}},{"__type__":"cc.SpriteFrame","content":{"name":"chuan1","texture":"b0GhJQhv1OxJRPjau5wpF2","rect":[569,771,357,260],"offset":[0,0],"originalSize":[357,260],"capInsets":[0,0,0,0]}},{"__type__":"cc.SpriteFrame","content":{"name":"图层 25@2x","texture":"b0GhJQhv1OxJRPjau5wpF2","rect":[411,65,106,109],"offset":[0,0],"originalSize":[106,109],"capInsets":[0,0,0,0]}},{"__type__":"cc.SpriteFrame","content":{"name":"购物中心(1)","texture":"6euvHOSGFMFrPiNb46am6U","rect":[11,6,425,245],"offset":[2.5,1],"originalSize":[442,259],"capInsets":[0,0,0,0]}},{"__type__":"cc.SpriteFrame","content":{"name":"炼金厂","texture":"5fQq/cn+VMVJI83KSg48n2","rect":[0,0,80,142],"offset":[0,0],"originalSize":[80,142],"capInsets":[0,0,0,0]}},{"__type__":"cc.SpriteFrame","content":{"name":"default_sprite_splash","texture":"02delMVqdBD70a/HSD99FK","rect":[0,0,2,2],"offset":[0,0],"originalSize":[2,2],"capInsets":[0,0,0,0]}},{"__type__":"cc.SpriteFrame","content":{"name":"港口","texture":"b0GhJQhv1OxJRPjau5wpF2","rect":[269,526,259,244],"offset":[0,0],"originalSize":[259,244],"capInsets":[0,0,0,0]}},{"__type__":"cc.SpriteFrame","content":{"name":"赛车场","texture":"b0GhJQhv1OxJRPjau5wpF2","rect":[0,526,269,238],"offset":[0,0],"originalSize":[269,238],"capInsets":[0,0,0,0]}},{"__type__":"cc.SpriteFrame","content":{"name":"娱乐中心","texture":"b0GhJQhv1OxJRPjau5wpF2","rect":[291,771,278,260],"offset":[0,0],"originalSize":[278,260],"capInsets":[0,0,0,0]}},{"__type__":"cc.SpriteFrame","content":{"name":"星际穿越门","texture":"55wkYeER5KxbllwBVbptDg","rect":[0,0,163,159],"offset":[0,0],"originalSize":[163,159],"capInsets":[0,0,0,0]}},{"__type__":"cc.SpriteFrame","content":{"name":"社群中心","texture":"b0GhJQhv1OxJRPjau5wpF2","rect":[513,312,240,214],"offset":[0,0],"originalSize":[240,214],"capInsets":[0,0,0,0]}},{"__type__":"cc.SpriteFrame","content":{"name":"图层 1","texture":"515TI3b+BN7Ih+e7WNtWiQ","rect":[0,0,177,160],"offset":[0,0],"originalSize":[177,160],"capInsets":[0,0,0,0]}},[{"__type__":"cc.Prefab","_name":"MainPage","data":{"__id__":1}},{"__type__":"cc.Node","_name":"MainPage","_children":[{"__id__":2},{"__id__":3},{"__id__":4},{"__id__":5},{"__id__":6},{"__id__":7},{"__id__":8},{"__id__":35},{"__id__":68},{"__id__":69},{"__id__":82}],"_components":[{"__type__":"cc.Sprite","node":{"__id__":1},"_materials":[{"__uuid__":"ecpdLyjvZBwrvm+cedCcQy"}],"_spriteFrame":{"__uuid__":"e9MNraQ5pA3ofvgfxWkxcf"},"_sizeMode":0},{"__type__":"cc.Widget","node":{"__id__":1},"_originalHeight":2547},{"__type__":"cc.Button","node":{"__id__":1},"clickEvents":[{"__type__":"cc.ClickEvent","target":{"__id__":69},"_componentId":"3031dvXoiJPCpmW3C2+1ZWo","handler":"clearPage"}]},{"__type__":"f6b98h9dcJB5JXE14uqzs1C","node":{"__id__":1}}],"_prefab":{"__type__":"cc.PrefabInfo","root":{"__id__":1},"asset":{"__uuid__":"ceBfGN1mpBVpenrk7ko/0U"},"fileId":"e7PFzbonRADom8+lnBO9bp"},"_contentSize":{"__type__":"cc.Size","width":3558,"height":2547},"_anchorPoint":{"__type__":"cc.Vec2","x":0.5,"y":1},"_trs":{"__type__":"TypedArray","ctor":"Float64Array","array":[0,0,0,0,0,0,1,1,1,1]}},{"__type__":"cc.Node","_name":"Chuan1","_parent":{"__id__":1},"_components":[{"__type__":"cc.Sprite","node":{"__id__":2},"_materials":[{"__uuid__":"ecpdLyjvZBwrvm+cedCcQy"}],"_spriteFrame":{"__uuid__":"d9dR3LnWRNYLqq9MRTmUY4"}},{"__type__":"cc.Animation","node":{"__id__":2},"_defaultClip":{"__uuid__":"c3xHKMhJ9LHYM0I8svrolI"},"_clips":[{"__uuid__":"c3xHKMhJ9LHYM0I8svrolI"}],"playOnLoad":true}],"_prefab":{"__type__":"cc.PrefabInfo","root":{"__id__":1},"asset":{"__uuid__":"ceBfGN1mpBVpenrk7ko/0U"},"fileId":"55vTf6CSpGAbmPOnN315L+"},"_contentSize":{"__type__":"cc.Size","width":625,"height":313},"_trs":{"__type__":"TypedArray","ctor":"Float64Array","array":[2111.65087890625,-1640.6800537109375,0,0,0,0,1,1,1,1]}},{"__type__":"cc.Node","_name":"CHuan2","_parent":{"__id__":1},"_components":[{"__type__":"cc.Sprite","node":{"__id__":3},"_materials":[{"__uuid__":"ecpdLyjvZBwrvm+cedCcQy"}],"_spriteFrame":{"__uuid__":"8fvbV2DtRJi7xX9Y1Eos8t"}},{"__type__":"cc.Animation","node":{"__id__":3},"_defaultClip":{"__uuid__":"7f3SdKmtNFE52z5Vf6Vf+G"},"_clips":[{"__uuid__":"7f3SdKmtNFE52z5Vf6Vf+G"}],"playOnLoad":true}],"_prefab":{"__type__":"cc.PrefabInfo","root":{"__id__":1},"asset":{"__uuid__":"ceBfGN1mpBVpenrk7ko/0U"},"fileId":"4fTlWQvVhOOZwlBHyquTEG"},"_contentSize":{"__type__":"cc.Size","width":357,"height":260},"_trs":{"__type__":"TypedArray","ctor":"Float64Array","array":[2410.2548828125,-1607.2230224609375,0,0,0,0,1,1,1,1]}},{"__type__":"cc.Node","_name":"baiche","_parent":{"__id__":1},"_components":[{"__type__":"cc.Sprite","node":{"__id__":4},"_materials":[{"__uuid__":"ecpdLyjvZBwrvm+cedCcQy"}],"_spriteFrame":{"__uuid__":"1cPJsfZwtAP7XxeV8j1kSR"},"_sizeMode":0},{"__type__":"cc.Animation","node":{"__id__":4},"_defaultClip":{"__uuid__":"86S2tQT+xB+4cISSOLlQ+l"},"_clips":[{"__uuid__":"86S2tQT+xB+4cISSOLlQ+l"}],"playOnLoad":true}],"_prefab":{"__type__":"cc.PrefabInfo","root":{"__id__":1},"asset":{"__uuid__":"ceBfGN1mpBVpenrk7ko/0U"},"fileId":"c7Gf+yZNxJ8pm7Ovt+9DPb"},"_contentSize":{"__type__":"cc.Size","width":94.6666667,"height":73.3333333},"_trs":{"__type__":"TypedArray","ctor":"Float64Array","array":[-211.6300048828125,-160.0800018310547,0,0,0,0,1,1,1,1]}},{"__type__":"cc.Node","_name":"huangche","_parent":{"__id__":1},"_components":[{"__type__":"cc.Sprite","node":{"__id__":5},"_materials":[{"__uuid__":"ecpdLyjvZBwrvm+cedCcQy"}],"_spriteFrame":{"__uuid__":"22Mq/tEOtK65s7XRDsGDro"},"_sizeMode":0},{"__type__":"cc.Animation","node":{"__id__":5},"_defaultClip":{"__uuid__":"8bIUCZzcRFk794fpaywGBu"},"_clips":[{"__uuid__":"8bIUCZzcRFk794fpaywGBu"}],"playOnLoad":true}],"_prefab":{"__type__":"cc.PrefabInfo","root":{"__id__":1},"asset":{"__uuid__":"ceBfGN1mpBVpenrk7ko/0U"},"fileId":"37qIPdgAJJKZ+TlftO3WCj"},"_contentSize":{"__type__":"cc.Size","width":106.6666667,"height":84},"_trs":{"__type__":"TypedArray","ctor":"Float64Array","array":[610.3090209960938,-1320.987060546875,0,0,0,0,1,1,1,1]}},{"__type__":"cc.Node","_name":"hongche","_parent":{"__id__":1},"_components":[{"__type__":"cc.Sprite","node":{"__id__":6},"_materials":[{"__uuid__":"ecpdLyjvZBwrvm+cedCcQy"}],"_spriteFrame":{"__uuid__":"01R3khS1tPu6r8CuS47dgM"},"_sizeMode":0},{"__type__":"cc.Animation","node":{"__id__":6},"_defaultClip":{"__uuid__":"67VyxSrStFsasCJowi+x43"},"_clips":[{"__uuid__":"67VyxSrStFsasCJowi+x43"}],"playOnLoad":true}],"_prefab":{"__type__":"cc.PrefabInfo","root":{"__id__":1},"asset":{"__uuid__":"ceBfGN1mpBVpenrk7ko/0U"},"fileId":"c5GackdR5McYOLTanWDh4L"},"_contentSize":{"__type__":"cc.Size","width":100,"height":56.8},"_trs":{"__type__":"TypedArray","ctor":"Float64Array","array":[577.9550170898438,-442.3399963378906,0,0,0,0,1,1,1,1]}},{"__type__":"cc.Node","_name":"feiji","_parent":{"__id__":1},"_components":[{"__type__":"cc.Sprite","node":{"__id__":7},"_materials":[{"__uuid__":"ecpdLyjvZBwrvm+cedCcQy"}],"_spriteFrame":{"__uuid__":"f567WOwG1ACLc1WbhuA0eI"},"_sizeMode":0},{"__type__":"cc.Animation","node":{"__id__":7},"_enabled":false,"_defaultClip":{"__uuid__":"2cnsWqevdLEbm2DHuPV4//"},"_clips":[{"__uuid__":"2cnsWqevdLEbm2DHuPV4//"}],"playOnLoad":true}],"_prefab":{"__type__":"cc.PrefabInfo","root":{"__id__":1},"asset":{"__uuid__":"ceBfGN1mpBVpenrk7ko/0U"},"fileId":"a796Ok8k9Py5bTYful0Ne9"},"_contentSize":{"__type__":"cc.Size","width":162,"height":91.5},"_trs":{"__type__":"TypedArray","ctor":"Float64Array","array":[398.344,-996.541,0,0,0,0,1,1,1,1]}},{"__type__":"cc.Node","_name":"JianZhu","_parent":{"__id__":1},"_children":[{"__id__":9},{"__id__":10},{"__id__":11},{"__id__":12},{"__id__":13},{"__id__":14},{"__id__":15},{"__id__":16},{"__id__":17},{"__id__":18},{"__id__":19},{"__id__":20},{"__id__":21},{"__id__":22},{"__id__":23},{"__id__":24},{"__id__":25},{"__id__":26},{"__id__":27},{"__id__":28},{"__id__":29},{"__id__":30},{"__id__":31},{"__id__":32},{"__id__":33},{"__id__":34}],"_prefab":{"__type__":"cc.PrefabInfo","root":{"__id__":1},"asset":{"__uuid__":"ceBfGN1mpBVpenrk7ko/0U"},"fileId":"f9ZkW9PfhJ54u++bDxRlXu"},"_trs":{"__type__":"TypedArray","ctor":"Float64Array","array":[0,0,0,0,0,0,1,1,1,1]}},{"__type__":"cc.Node","_name":"娱乐中心","_parent":{"__id__":8},"_components":[{"__type__":"cc.Sprite","node":{"__id__":9},"_materials":[{"__uuid__":"ecpdLyjvZBwrvm+cedCcQy"}],"_spriteFrame":{"__uuid__":"b1UiQLhqFCNrb8M7pVISiA"},"_sizeMode":0},{"__type__":"cc.Button","node":{"__id__":9},"zoomScale":1.1,"clickEvents":[{"__type__":"cc.ClickEvent","target":{"__id__":1},"_componentId":"f6b98h9dcJB5JXE14uqzs1C","handler":"OnOpenPage","customEventData":"7"}],"_N$transition":3,"transition":3},{"__type__":"8ca7dPw7P9EXoSRflkuBeGi","node":{"__id__":9}}],"_prefab":{"__type__":"cc.PrefabInfo","root":{"__id__":1},"asset":{"__uuid__":"ceBfGN1mpBVpenrk7ko/0U"},"fileId":"92v3B/UbhKlqkp6X/dku3b"},"_contentSize":{"__type__":"cc.Size","width":417,"height":390},"_trs":{"__type__":"TypedArray","ctor":"Float64Array","array":[-380.760986328125,-1194.35302734375,0,0,0,0,1,1,1,1]}},{"__type__":"cc.Node","_name":"购物中心","_parent":{"__id__":8},"_components":[{"__type__":"cc.Sprite","node":{"__id__":10},"_materials":[{"__uuid__":"ecpdLyjvZBwrvm+cedCcQy"}],"_spriteFrame":{"__uuid__":"93yCas2OdFuK1LArXQ5ju0"},"_sizeMode":0},{"__type__":"cc.Button","node":{"__id__":10},"zoomScale":1.1,"clickEvents":[{"__type__":"cc.ClickEvent","target":{"__id__":1},"_componentId":"f6b98h9dcJB5JXE14uqzs1C","handler":"OnOpenPage","customEventData":"5"}],"_N$transition":3,"transition":3},{"__type__":"8ca7dPw7P9EXoSRflkuBeGi","node":{"__id__":10}}],"_prefab":{"__type__":"cc.PrefabInfo","root":{"__id__":1},"asset":{"__uuid__":"ceBfGN1mpBVpenrk7ko/0U"},"fileId":"77LO6EyTxJ14WDgufNhq34"},"_contentSize":{"__type__":"cc.Size","width":637.5,"height":367.5},"_trs":{"__type__":"TypedArray","ctor":"Float64Array","array":[-1010.7100219726562,-1187.844970703125,0,0,0,0,1,1,1,1]}},{"__type__":"cc.Node","_name":"赛车场","_parent":{"__id__":8},"_components":[{"__type__":"cc.Sprite","node":{"__id__":11},"_materials":[{"__uuid__":"ecpdLyjvZBwrvm+cedCcQy"}],"_spriteFrame":{"__uuid__":"ad9yDpdsBDeoSocu/bB+lL"},"_sizeMode":0},{"__type__":"cc.Button","node":{"__id__":11},"zoomScale":1.1,"clickEvents":[{"__type__":"cc.ClickEvent","target":{"__id__":1},"_componentId":"f6b98h9dcJB5JXE14uqzs1C","handler":"OnOpenPage","customEventData":"1"}],"_N$transition":3,"transition":3},{"__type__":"8ca7dPw7P9EXoSRflkuBeGi","node":{"__id__":11}}],"_prefab":{"__type__":"cc.PrefabInfo","root":{"__id__":1},"asset":{"__uuid__":"ceBfGN1mpBVpenrk7ko/0U"},"fileId":"865VtP17VFgJU9gcwHlch1"},"_contentSize":{"__type__":"cc.Size","width":403.5,"height":357},"_trs":{"__type__":"TypedArray","ctor":"Float64Array","array":[568.9819946289062,-677.9429931640625,0,0,0,0,1,1,1,1]}},{"__type__":"cc.Node","_name":"交易大厅","_parent":{"__id__":8},"_components":[{"__type__":"cc.Sprite","node":{"__id__":12},"_materials":[{"__uuid__":"ecpdLyjvZBwrvm+cedCcQy"}],"_spriteFrame":{"__uuid__":"842KKjQQpJjLKHDCAuinIP"},"_sizeMode":0},{"__type__":"cc.Button","node":{"__id__":12},"zoomScale":1.1,"clickEvents":[{"__type__":"cc.ClickEvent","target":{"__id__":1},"_componentId":"f6b98h9dcJB5JXE14uqzs1C","handler":"openTipsPanel","customEventData":"投票站-投票站"}],"_N$transition":3,"transition":3},{"__type__":"8ca7dPw7P9EXoSRflkuBeGi","node":{"__id__":12}}],"_prefab":{"__type__":"cc.PrefabInfo","root":{"__id__":1},"asset":{"__uuid__":"ceBfGN1mpBVpenrk7ko/0U"},"fileId":"2eY8kCatpDZpKFA9SXTMHQ"},"_contentSize":{"__type__":"cc.Size","width":385.5,"height":436.5},"_trs":{"__type__":"TypedArray","ctor":"Float64Array","array":[-588.1329956054688,-264.20098876953125,0,0,0,0,1,1,1,1]}},{"__type__":"cc.Node","_name":"股票兑换","_parent":{"__id__":8},"_components":[{"__type__":"cc.Sprite","node":{"__id__":13},"_materials":[{"__uuid__":"ecpdLyjvZBwrvm+cedCcQy"}],"_spriteFrame":{"__uuid__":"e0LizboL9N94mTDARamjoC"},"_sizeMode":0},{"__type__":"cc.Button","node":{"__id__":13},"zoomScale":1.1,"clickEvents":[{"__type__":"cc.ClickEvent","target":{"__id__":1},"_componentId":"f6b98h9dcJB5JXE14uqzs1C","handler":"openTipsPanel","customEventData":"查询大厅-查询大厅"}],"_N$transition":3,"transition":3},{"__type__":"8ca7dPw7P9EXoSRflkuBeGi","node":{"__id__":13}}],"_prefab":{"__type__":"cc.PrefabInfo","root":{"__id__":1},"asset":{"__uuid__":"ceBfGN1mpBVpenrk7ko/0U"},"fileId":"6fiP7nTpRKA7y6/J+3FzyR"},"_contentSize":{"__type__":"cc.Size","width":378,"height":478.5},"_trs":{"__type__":"TypedArray","ctor":"Float64Array","array":[-876.4010009765625,-412.3699951171875,0,0,0,0,1,1,1,1]}},{"__type__":"cc.Node","_name":"社群中心","_parent":{"__id__":8},"_components":[{"__type__":"cc.Sprite","node":{"__id__":14},"_materials":[{"__uuid__":"ecpdLyjvZBwrvm+cedCcQy"}],"_spriteFrame":{"__uuid__":"beEnZh8kdNvYVBczLxeuk+"},"_sizeMode":0},{"__type__":"cc.Button","node":{"__id__":14},"zoomScale":1.1,"clickEvents":[{"__type__":"cc.ClickEvent","target":{"__id__":1},"_componentId":"f6b98h9dcJB5JXE14uqzs1C","handler":"OnOpenPage","customEventData":"9"}],"_N$transition":3,"transition":3},{"__type__":"8ca7dPw7P9EXoSRflkuBeGi","node":{"__id__":14}}],"_prefab":{"__type__":"cc.PrefabInfo","root":{"__id__":1},"asset":{"__uuid__":"ceBfGN1mpBVpenrk7ko/0U"},"fileId":"0c+rYpSzBK2atOt/Bc5PDy"},"_contentSize":{"__type__":"cc.Size","width":360,"height":321},"_trs":{"__type__":"TypedArray","ctor":"Float64Array","array":[-85.71,-1038.259,0,0,0,0,1,1,1,1]}},{"__type__":"cc.Node","_name":"租赁市场","_parent":{"__id__":8},"_components":[{"__type__":"cc.Sprite","node":{"__id__":15},"_materials":[{"__uuid__":"ecpdLyjvZBwrvm+cedCcQy"}],"_spriteFrame":{"__uuid__":"d7rvd+TKBGr7jj1kNiADZu"},"_sizeMode":0},{"__type__":"cc.Button","node":{"__id__":15},"zoomScale":1.1,"clickEvents":[{"__type__":"cc.ClickEvent","target":{"__id__":1},"_componentId":"f6b98h9dcJB5JXE14uqzs1C","handler":"openTipsPanel","customEventData":"市场-市场"}],"_N$transition":3,"transition":3},{"__type__":"8ca7dPw7P9EXoSRflkuBeGi","node":{"__id__":15}}],"_prefab":{"__type__":"cc.PrefabInfo","root":{"__id__":1},"asset":{"__uuid__":"ceBfGN1mpBVpenrk7ko/0U"},"fileId":"00yDOY+pRKl7zb1VHqcUOM"},"_contentSize":{"__type__":"cc.Size","width":525,"height":430.5},"_trs":{"__type__":"TypedArray","ctor":"Float64Array","array":[-445.6960144042969,-810.9810180664062,0,0,0,0,1,1,1,1]}},{"__type__":"cc.Node","_name":"矿池","_parent":{"__id__":8},"_components":[{"__type__":"cc.Sprite","node":{"__id__":16},"_materials":[{"__uuid__":"ecpdLyjvZBwrvm+cedCcQy"}],"_spriteFrame":{"__uuid__":"17sBvM5LhNuq7Uv5tKUktc"},"_sizeMode":0},{"__type__":"cc.Button","node":{"__id__":16},"zoomScale":1.1,"clickEvents":[{"__type__":"cc.ClickEvent","target":{"__id__":1},"_componentId":"f6b98h9dcJB5JXE14uqzs1C","handler":"OnOpenPage","customEventData":"8"}],"_N$transition":3,"transition":3},{"__type__":"8ca7dPw7P9EXoSRflkuBeGi","node":{"__id__":16}}],"_prefab":{"__type__":"cc.PrefabInfo","root":{"__id__":1},"asset":{"__uuid__":"ceBfGN1mpBVpenrk7ko/0U"},"fileId":"30nEZSZzRKvLIh89RpjJqd"},"_contentSize":{"__type__":"cc.Size","width":436.5,"height":375},"_trs":{"__type__":"TypedArray","ctor":"Float64Array","array":[-17.45199966430664,-579.4769897460938,0,0,0,0,1,1,1,1]}},{"__type__":"cc.Node","_name":"港口","_parent":{"__id__":8},"_components":[{"__type__":"cc.Sprite","node":{"__id__":17},"_materials":[{"__uuid__":"ecpdLyjvZBwrvm+cedCcQy"}],"_spriteFrame":{"__uuid__":"aamwitVzlGT7wjK4vVjBMX"},"_sizeMode":0},{"__type__":"cc.Button","node":{"__id__":17},"zoomScale":1.1,"clickEvents":[{"__type__":"cc.ClickEvent","target":{"__id__":1},"_componentId":"f6b98h9dcJB5JXE14uqzs1C","handler":"openTipsPanel","customEventData":"星际试炼场-星际试炼场"}],"_N$transition":3,"transition":3},{"__type__":"8ca7dPw7P9EXoSRflkuBeGi","node":{"__id__":17}}],"_prefab":{"__type__":"cc.PrefabInfo","root":{"__id__":1},"asset":{"__uuid__":"ceBfGN1mpBVpenrk7ko/0U"},"fileId":"a0WVePvnNCAoNvig4IRsQO"},"_contentSize":{"__type__":"cc.Size","width":388.5,"height":366},"_trs":{"__type__":"TypedArray","ctor":"Float64Array","array":[819.3889770507812,-1402.72998046875,0,0,0,0,1,1,1,1]}},{"__type__":"cc.Node","_name":"庄园","_parent":{"__id__":8},"_components":[{"__type__":"cc.Sprite","node":{"__id__":18},"_materials":[{"__uuid__":"ecpdLyjvZBwrvm+cedCcQy"}],"_spriteFrame":{"__uuid__":"81niL678tJ65AWS2gHDODw"},"_sizeMode":0},{"__type__":"cc.Button","node":{"__id__":18},"zoomScale":1.1,"clickEvents":[{"__type__":"cc.ClickEvent","target":{"__id__":1},"_componentId":"f6b98h9dcJB5JXE14uqzs1C","handler":"openTipsPanel","customEventData":"交易大厅-交易大厅"}],"_N$transition":3,"transition":3},{"__type__":"8ca7dPw7P9EXoSRflkuBeGi","node":{"__id__":18}}],"_prefab":{"__type__":"cc.PrefabInfo","root":{"__id__":1},"asset":{"__uuid__":"ceBfGN1mpBVpenrk7ko/0U"},"fileId":"ebtEO85gJBorPA/mMWtHc6"},"_contentSize":{"__type__":"cc.Size","width":433.5,"height":300},"_trs":{"__type__":"TypedArray","ctor":"Float64Array","array":[238.1490020751953,-291.90399169921875,0,0,0,0,1,1,1,1]}},{"__type__":"cc.Node","_name":"农场","_parent":{"__id__":8},"_components":[{"__type__":"cc.Sprite","node":{"__id__":19},"_materials":[{"__uuid__":"ecpdLyjvZBwrvm+cedCcQy"}],"_spriteFrame":{"__uuid__":"4bEoLWts9NpKDJwgMPIz1C"},"_sizeMode":0},{"__type__":"8ca7dPw7P9EXoSRflkuBeGi","node":{"__id__":19}},{"__type__":"cc.Button","node":{"__id__":19},"_normalMaterial":{"__uuid__":"ecpdLyjvZBwrvm+cedCcQy"},"clickEvents":[{"__type__":"cc.ClickEvent","target":{"__id__":1},"_componentId":"f6b98h9dcJB5JXE14uqzs1C","handler":"OnOpenPage","customEventData":"11"}],"_N$transition":3,"transition":3}],"_prefab":{"__type__":"cc.PrefabInfo","root":{"__id__":1},"asset":{"__uuid__":"ceBfGN1mpBVpenrk7ko/0U"},"fileId":"843s2mH09H47DXZ6i4F2a4"},"_contentSize":{"__type__":"cc.Size","width":412.5,"height":417},"_trs":{"__type__":"TypedArray","ctor":"Float64Array","array":[-1566.824951171875,-1063.6939697265625,0,0,0,0,1,1,1,1]}},{"__type__":"cc.Node","_name":"竞技场","_parent":{"__id__":8},"_components":[{"__type__":"cc.Sprite","node":{"__id__":20},"_materials":[{"__uuid__":"ecpdLyjvZBwrvm+cedCcQy"}],"_spriteFrame":{"__uuid__":"2dmRoAVdFDxKgEIYVEgsKy"}},{"__type__":"cc.Button","node":{"__id__":20},"zoomScale":0.9,"clickEvents":[{"__type__":"cc.ClickEvent","target":{"__id__":1},"_componentId":"f6b98h9dcJB5JXE14uqzs1C","handler":"openTipsPanel","customEventData":"竞技场-宠物竞技场"}],"_N$transition":3,"transition":3}],"_prefab":{"__type__":"cc.PrefabInfo","root":{"__id__":1},"asset":{"__uuid__":"ceBfGN1mpBVpenrk7ko/0U"},"fileId":"e6mVSDNv1KbYG4yl0OS6M9"},"_contentSize":{"__type__":"cc.Size","width":243,"height":156},"_trs":{"__type__":"TypedArray","ctor":"Float64Array","array":[-1047.451,-1983.964,0,0,0,0,1,1,1,1]}},{"__type__":"cc.Node","_name":"星群","_parent":{"__id__":8},"_components":[{"__type__":"cc.Sprite","node":{"__id__":21},"_materials":[{"__uuid__":"ecpdLyjvZBwrvm+cedCcQy"}],"_spriteFrame":{"__uuid__":"dctLs4PDxOF6tl9CF4h0CT"}},{"__type__":"cc.Button","node":{"__id__":21},"zoomScale":0.9,"clickEvents":[{"__type__":"cc.ClickEvent","target":{"__id__":1},"_componentId":"f6b98h9dcJB5JXE14uqzs1C","handler":"openTipsPanel","customEventData":"星群-星群"}],"_N$transition":3,"transition":3}],"_prefab":{"__type__":"cc.PrefabInfo","root":{"__id__":1},"asset":{"__uuid__":"ceBfGN1mpBVpenrk7ko/0U"},"fileId":"fdoWVXDihK8ZhebVAdtnNC"},"_contentSize":{"__type__":"cc.Size","width":193,"height":192},"_trs":{"__type__":"TypedArray","ctor":"Float64Array","array":[223.493,-1165.02,0,0,0,0,1,1.5,1.5,1]}},{"__type__":"cc.Node","_name":"星际穿越门","_parent":{"__id__":8},"_components":[{"__type__":"cc.Sprite","node":{"__id__":22},"_materials":[{"__uuid__":"ecpdLyjvZBwrvm+cedCcQy"}],"_spriteFrame":{"__uuid__":"b5hKw7ghNCt4QQh6UNvck6"}},{"__type__":"cc.Button","node":{"__id__":22},"zoomScale":0.9,"clickEvents":[{"__type__":"cc.ClickEvent","target":{"__id__":1},"_componentId":"f6b98h9dcJB5JXE14uqzs1C","handler":"openTipsPanel","customEventData":"主线游戏-主线游戏星际争霸"}],"_N$transition":3,"transition":3}],"_prefab":{"__type__":"cc.PrefabInfo","root":{"__id__":1},"asset":{"__uuid__":"ceBfGN1mpBVpenrk7ko/0U"},"fileId":"bfdUNyqHJOIIR9L7yflzD0"},"_contentSize":{"__type__":"cc.Size","width":163,"height":159},"_trs":{"__type__":"TypedArray","ctor":"Float64Array","array":[-413.031,-1973.487,0,0,0,0,1,1,1,1]}},{"__type__":"cc.Node","_name":"图层 26@2x","_parent":{"__id__":8},"_components":[{"__type__":"cc.Sprite","node":{"__id__":23},"_materials":[{"__uuid__":"ecpdLyjvZBwrvm+cedCcQy"}],"_spriteFrame":{"__uuid__":"6e0PjoLMRJgZmewGglS27x"},"_sizeMode":0}],"_prefab":{"__type__":"cc.PrefabInfo","root":{"__id__":1},"asset":{"__uuid__":"ceBfGN1mpBVpenrk7ko/0U"},"fileId":"89wYPefHJP0IubWcXAA6e8"},"_contentSize":{"__type__":"cc.Size","width":147,"height":129},"_trs":{"__type__":"TypedArray","ctor":"Float64Array","array":[136.82699584960938,-736.5349731445312,0,0,0,0,1,1,1,1]}},{"__type__":"cc.Node","_name":"图层 25@2x","_parent":{"__id__":8},"_components":[{"__type__":"cc.Sprite","node":{"__id__":24},"_materials":[{"__uuid__":"ecpdLyjvZBwrvm+cedCcQy"}],"_spriteFrame":{"__uuid__":"91/hTBAShNxaa0rcxRKBZT"},"_sizeMode":0}],"_prefab":{"__type__":"cc.PrefabInfo","root":{"__id__":1},"asset":{"__uuid__":"ceBfGN1mpBVpenrk7ko/0U"},"fileId":"250ff1J6BG/ZrjvS/VRu8q"},"_contentSize":{"__type__":"cc.Size","width":159,"height":163.5},"_trs":{"__type__":"TypedArray","ctor":"Float64Array","array":[212.00900268554688,-753.68701171875,0,0,0,0,1,1,1,1]}},{"__type__":"cc.Node","_name":"图层 30@2x","_parent":{"__id__":8},"_components":[{"__type__":"cc.Sprite","node":{"__id__":25},"_materials":[{"__uuid__":"ecpdLyjvZBwrvm+cedCcQy"}],"_spriteFrame":{"__uuid__":"e9bK24boNHwLUqDS+gbQEy"},"_sizeMode":0}],"_prefab":{"__type__":"cc.PrefabInfo","root":{"__id__":1},"asset":{"__uuid__":"ceBfGN1mpBVpenrk7ko/0U"},"fileId":"f8YPF8cuxPv69ZVteFSNwp"},"_contentSize":{"__type__":"cc.Size","width":88.5,"height":90},"_trs":{"__type__":"TypedArray","ctor":"Float64Array","array":[-0.6159999966621399,-776.4039916992188,0,0,0,0,1,1,1,1]}},{"__type__":"cc.Node","_name":"图层 19@2x","_parent":{"__id__":8},"_components":[{"__type__":"cc.Sprite","node":{"__id__":26},"_materials":[{"__uuid__":"ecpdLyjvZBwrvm+cedCcQy"}],"_spriteFrame":{"__uuid__":"19phOloSZN4JXeqCH5lOP6"},"_sizeMode":0}],"_prefab":{"__type__":"cc.PrefabInfo","root":{"__id__":1},"asset":{"__uuid__":"ceBfGN1mpBVpenrk7ko/0U"},"fileId":"d5NkgepWVMXZ13RwkP5k++"},"_contentSize":{"__type__":"cc.Size","width":105,"height":97.5},"_trs":{"__type__":"TypedArray","ctor":"Float64Array","array":[-788.1530151367188,-813.2069702148438,0,0,0,0,1,1,1,1]}},{"__type__":"cc.Node","_name":"图层 28@2x","_parent":{"__id__":8},"_components":[{"__type__":"cc.Sprite","node":{"__id__":27},"_materials":[{"__uuid__":"ecpdLyjvZBwrvm+cedCcQy"}],"_spriteFrame":{"__uuid__":"081nyzvkRNSYQiBwLod9Oe"},"_sizeMode":0}],"_prefab":{"__type__":"cc.PrefabInfo","root":{"__id__":1},"asset":{"__uuid__":"ceBfGN1mpBVpenrk7ko/0U"},"fileId":"01PQdiHMRNIpZlTs56Tei+"},"_contentSize":{"__type__":"cc.Size","width":99,"height":81},"_trs":{"__type__":"TypedArray","ctor":"Float64Array","array":[-667.0880126953125,-911.8300170898438,0,0,0,0,1,1,1,1]}},{"__type__":"cc.Node","_name":"图层 24@2x","_parent":{"__id__":8},"_components":[{"__type__":"cc.Sprite","node":{"__id__":28},"_materials":[{"__uuid__":"ecpdLyjvZBwrvm+cedCcQy"}],"_spriteFrame":{"__uuid__":"ddsZKr8upGGZybL352xws8"},"_sizeMode":0}],"_prefab":{"__type__":"cc.PrefabInfo","root":{"__id__":1},"asset":{"__uuid__":"ceBfGN1mpBVpenrk7ko/0U"},"fileId":"b33IPbIQFOiYtOLbzSpN5N"},"_contentSize":{"__type__":"cc.Size","width":76.5,"height":76.5},"_trs":{"__type__":"TypedArray","ctor":"Float64Array","array":[298.34600830078125,-658.3300170898438,0,0,0,0,1,1,1,1]}},{"__type__":"cc.Node","_name":"图层 23@2x","_parent":{"__id__":8},"_components":[{"__type__":"cc.Sprite","node":{"__id__":29},"_materials":[{"__uuid__":"ecpdLyjvZBwrvm+cedCcQy"}],"_spriteFrame":{"__uuid__":"eeK6jbYTpNNp7++aK3nnI4"},"_sizeMode":0}],"_prefab":{"__type__":"cc.PrefabInfo","root":{"__id__":1},"asset":{"__uuid__":"ceBfGN1mpBVpenrk7ko/0U"},"fileId":"b1vlRqPqhGAqUdHQ1pEPwa"},"_contentSize":{"__type__":"cc.Size","width":76.5,"height":55.5},"_trs":{"__type__":"TypedArray","ctor":"Float64Array","array":[249.94200134277344,-581.0919799804688,0,0,0,0,1,1,1,1]}},{"__type__":"cc.Node","_name":"图层 29@2x","_parent":{"__id__":8},"_components":[{"__type__":"cc.Sprite","node":{"__id__":30},"_materials":[{"__uuid__":"ecpdLyjvZBwrvm+cedCcQy"}],"_spriteFrame":{"__uuid__":"29E7AAjBVK+4WXs0pGGeMP"},"_sizeMode":0}],"_prefab":{"__type__":"cc.PrefabInfo","root":{"__id__":1},"asset":{"__uuid__":"ceBfGN1mpBVpenrk7ko/0U"},"fileId":"fewB/GiMNK8raKGctKpM8m"},"_contentSize":{"__type__":"cc.Size","width":52.5,"height":87},"_trs":{"__type__":"TypedArray","ctor":"Float64Array","array":[-235.2310028076172,-173.9810028076172,0,0,0,0,1,1,1,1]}},{"__type__":"cc.Node","_name":"炼金厂","_parent":{"__id__":8},"_components":[{"__type__":"cc.Sprite","node":{"__id__":31},"_materials":[{"__uuid__":"ecpdLyjvZBwrvm+cedCcQy"}],"_spriteFrame":{"__uuid__":"96XuBFuKNPNKDoXJtc+4gM"}},{"__type__":"cc.Button","node":{"__id__":31},"zoomScale":0.9,"clickEvents":[{"__type__":"cc.ClickEvent","target":{"__id__":1},"_componentId":"f6b98h9dcJB5JXE14uqzs1C","handler":"openTipsPanel","customEventData":"铸金场-铸金场"}],"_N$transition":3,"transition":3}],"_prefab":{"__type__":"cc.PrefabInfo","root":{"__id__":1},"asset":{"__uuid__":"ceBfGN1mpBVpenrk7ko/0U"},"fileId":"b5wVr8oA5ErrhA3R3IHI3i"},"_contentSize":{"__type__":"cc.Size","width":80,"height":142},"_trs":{"__type__":"TypedArray","ctor":"Float64Array","array":[-230.132,-202.391,0,0,0,0,1,2,2,1]}},{"__type__":"cc.Node","_name":"图层 27@2x","_parent":{"__id__":8},"_components":[{"__type__":"cc.Sprite","node":{"__id__":32},"_materials":[{"__uuid__":"ecpdLyjvZBwrvm+cedCcQy"}],"_spriteFrame":{"__uuid__":"6bvnjR+MxAMpUaOtfNLBTX"},"_sizeMode":0}],"_prefab":{"__type__":"cc.PrefabInfo","root":{"__id__":1},"asset":{"__uuid__":"ceBfGN1mpBVpenrk7ko/0U"},"fileId":"acm6jh/Y9GJrkWYGXMeXTp"},"_contentSize":{"__type__":"cc.Size","width":336,"height":220.5},"_trs":{"__type__":"TypedArray","ctor":"Float64Array","array":[-177.9010009765625,-935.3590087890625,0,0,0,0,1,1,1,1]}},{"__type__":"cc.Node","_name":"123","_parent":{"__id__":8},"_components":[{"__type__":"cc.Sprite","node":{"__id__":33},"_materials":[{"__uuid__":"ecpdLyjvZBwrvm+cedCcQy"}],"_spriteFrame":{"__uuid__":"11LHXV4vtM64F/8mbMavOU"},"_sizeMode":0}],"_prefab":{"__type__":"cc.PrefabInfo","root":{"__id__":1},"asset":{"__uuid__":"ceBfGN1mpBVpenrk7ko/0U"},"fileId":"601jKPMTZIL55o/rkuK91e"},"_contentSize":{"__type__":"cc.Size","width":82.5,"height":70.5},"_trs":{"__type__":"TypedArray","ctor":"Float64Array","array":[451.2179870605469,-1097.2249755859375,0,0,0,0,1,1,1,1]}},{"__type__":"cc.Node","_name":"建筑","_parent":{"__id__":8},"_components":[{"__type__":"cc.Sprite","node":{"__id__":34},"_materials":[{"__uuid__":"ecpdLyjvZBwrvm+cedCcQy"}],"_spriteFrame":{"__uuid__":"c6lbtoJP5H/aTIEgEvCYVC"},"_sizeMode":0}],"_prefab":{"__type__":"cc.PrefabInfo","root":{"__id__":1},"asset":{"__uuid__":"ceBfGN1mpBVpenrk7ko/0U"},"fileId":"derDN/FjlMNZIkMxLEKr9L"},"_contentSize":{"__type__":"cc.Size","width":189,"height":129},"_trs":{"__type__":"TypedArray","ctor":"Float64Array","array":[752.235,-473.602,0,0,0,0,1,1,1,1]}},{"__type__":"cc.Node","_name":"ButtonGourp","_parent":{"__id__":1},"_children":[{"__id__":36},{"__id__":38},{"__id__":40},{"__id__":42},{"__id__":44},{"__id__":46},{"__id__":48},{"__id__":50},{"__id__":52},{"__id__":54},{"__id__":56},{"__id__":58},{"__id__":60},{"__id__":62},{"__id__":64},{"__id__":66}],"_components":[{"__type__":"cc.Widget","node":{"__id__":35},"_alignFlags":45,"_top":-1273.5,"_bottom":1273.5}],"_prefab":{"__type__":"cc.PrefabInfo","root":{"__id__":1},"asset":{"__uuid__":"ceBfGN1mpBVpenrk7ko/0U"},"fileId":"d9Q+ZQ5IBACYyqYyioyEov"},"_contentSize":{"__type__":"cc.Size","width":3558,"height":2547},"_trs":{"__type__":"TypedArray","ctor":"Float64Array","array":[0,0,0,0,0,0,1,1,1,1]}},{"__type__":"cc.Node","_name":"KuangChi2","_parent":{"__id__":35},"_children":[{"__id__":37}],"_components":[{"__type__":"cc.Sprite","node":{"__id__":36},"_materials":[{"__uuid__":"ecpdLyjvZBwrvm+cedCcQy"}],"_spriteFrame":{"__uuid__":"84F5wKYC1Lt7eHyACbhIwy"},"_sizeMode":0},{"__type__":"cc.Button","node":{"__id__":36},"zoomScale":0.9,"clickEvents":[{"__type__":"cc.ClickEvent","target":{"__id__":1},"_componentId":"f6b98h9dcJB5JXE14uqzs1C","handler":"OnOpenPage","customEventData":"8"}],"_N$transition":3,"transition":3,"_N$target":{"__id__":36}},{"__type__":"cc.Widget","node":{"__id__":36},"alignMode":2,"_alignFlags":36,"_left":1443.104965209961,"_right":1650.5800018310547,"_top":1748.2589721679688,"_bottom":803.6119995117188,"_originalWidth":112,"_originalHeight":112},{"__type__":"8ca7dPw7P9EXoSRflkuBeGi","node":{"__id__":36}}],"_prefab":{"__type__":"cc.PrefabInfo","root":{"__id__":1},"asset":{"__uuid__":"ceBfGN1mpBVpenrk7ko/0U"},"fileId":"beBESP2YFPlbOGoox5zC0w"},"_contentSize":{"__type__":"cc.Size","width":358.5,"height":72},"_trs":{"__type__":"TypedArray","ctor":"Float64Array","array":[-50.83000183105469,-433.88800048828125,0,0,0,0,1,1,1,1]}},{"__type__":"cc.Node","_name":"New Label","_parent":{"__id__":36},"_components":[{"__type__":"cc.Label","node":{"__id__":37},"_materials":[{"__uuid__":"ecpdLyjvZBwrvm+cedCcQy"}],"_useOriginalSize":false,"_string":"休闲大厅","_N$string":"休闲大厅","_fontSize":35,"_N$horizontalAlign":1,"_N$verticalAlign":1}],"_prefab":{"__type__":"cc.PrefabInfo","root":{"__id__":1},"asset":{"__uuid__":"ceBfGN1mpBVpenrk7ko/0U"},"fileId":"34vhONWclDnYB1y6PwnEN+"},"_contentSize":{"__type__":"cc.Size","width":140,"height":50.4},"_trs":{"__type__":"TypedArray","ctor":"Float64Array","array":[0,0,0,0,0,0,1,1,1,1]}},{"__type__":"cc.Node","_name":"ZhuangYuan","_parent":{"__id__":35},"_children":[{"__id__":39}],"_components":[{"__type__":"cc.Sprite","node":{"__id__":38},"_materials":[{"__uuid__":"ecpdLyjvZBwrvm+cedCcQy"}],"_spriteFrame":{"__uuid__":"84F5wKYC1Lt7eHyACbhIwy"},"_sizeMode":0},{"__type__":"cc.Button","node":{"__id__":38},"zoomScale":0.9,"clickEvents":[{"__type__":"cc.ClickEvent","target":{"__id__":1},"_componentId":"f6b98h9dcJB5JXE14uqzs1C","handler":"showTips","customEventData":"交易大厅-交易大厅"}],"_N$transition":3,"transition":3,"_N$target":{"__id__":38}},{"__type__":"cc.Widget","node":{"__id__":38},"alignMode":2,"_alignFlags":36,"_left":1443.104965209961,"_right":1348.0310077667236,"_top":1748.2589721679688,"_bottom":1039.6000061035156,"_originalWidth":112,"_originalHeight":112},{"__type__":"8ca7dPw7P9EXoSRflkuBeGi","node":{"__id__":38}}],"_prefab":{"__type__":"cc.PrefabInfo","root":{"__id__":1},"asset":{"__uuid__":"ceBfGN1mpBVpenrk7ko/0U"},"fileId":"27VY2i0glJYJfRILNuW8tw"},"_contentSize":{"__type__":"cc.Size","width":358.5,"height":72},"_trs":{"__type__":"TypedArray","ctor":"Float64Array","array":[251.71899223327637,-197.89999389648438,0,0,0,0,1,1,1,1]}},{"__type__":"cc.Node","_name":"New Label","_parent":{"__id__":38},"_components":[{"__type__":"cc.Label","node":{"__id__":39},"_materials":[{"__uuid__":"ecpdLyjvZBwrvm+cedCcQy"}],"_useOriginalSize":false,"_string":"交易大厅","_N$string":"交易大厅","_fontSize":35,"_N$horizontalAlign":1,"_N$verticalAlign":1}],"_prefab":{"__type__":"cc.PrefabInfo","root":{"__id__":1},"asset":{"__uuid__":"ceBfGN1mpBVpenrk7ko/0U"},"fileId":"72FFAzq5NFQKSfIcO0VHtp"},"_contentSize":{"__type__":"cc.Size","width":140,"height":50.4},"_trs":{"__type__":"TypedArray","ctor":"Float64Array","array":[0,0,0,0,0,0,1,1,1,1]}},{"__type__":"cc.Node","_name":"JiaoYiDaTing","_parent":{"__id__":35},"_children":[{"__id__":41}],"_components":[{"__type__":"cc.Sprite","node":{"__id__":40},"_materials":[{"__uuid__":"ecpdLyjvZBwrvm+cedCcQy"}],"_spriteFrame":{"__uuid__":"84F5wKYC1Lt7eHyACbhIwy"},"_sizeMode":0},{"__type__":"cc.Widget","node":{"__id__":40},"alignMode":2,"_alignFlags":36,"_left":1443.104965209961,"_right":2189.1170053482056,"_top":1748.2589721679688,"_bottom":1072.8800048828125,"_originalWidth":112,"_originalHeight":112},{"__type__":"cc.Button","node":{"__id__":40},"zoomScale":1.1,"clickEvents":[{"__type__":"cc.ClickEvent","target":{"__id__":1},"_componentId":"f6b98h9dcJB5JXE14uqzs1C","handler":"openTipsPanel","customEventData":"投票站-投票站"}],"_N$transition":3,"transition":3},{"__type__":"8ca7dPw7P9EXoSRflkuBeGi","node":{"__id__":40}}],"_prefab":{"__type__":"cc.PrefabInfo","root":{"__id__":1},"asset":{"__uuid__":"ceBfGN1mpBVpenrk7ko/0U"},"fileId":"b221AVoydJqrhZMaQM8C8B"},"_contentSize":{"__type__":"cc.Size","width":358.5,"height":72},"_trs":{"__type__":"TypedArray","ctor":"Float64Array","array":[-589.3670053482056,-164.6199951171875,0,0,0,0,1,1,1,1]}},{"__type__":"cc.Node","_name":"New Label","_parent":{"__id__":40},"_components":[{"__type__":"cc.Label","node":{"__id__":41},"_materials":[{"__uuid__":"ecpdLyjvZBwrvm+cedCcQy"}],"_useOriginalSize":false,"_string":"投票站","_N$string":"投票站","_fontSize":35,"_N$horizontalAlign":1,"_N$verticalAlign":1}],"_prefab":{"__type__":"cc.PrefabInfo","root":{"__id__":1},"asset":{"__uuid__":"ceBfGN1mpBVpenrk7ko/0U"},"fileId":"08cPXP+s1AXbYB5THcuD8a"},"_contentSize":{"__type__":"cc.Size","width":105,"height":50.4},"_trs":{"__type__":"TypedArray","ctor":"Float64Array","array":[0,0,0,0,0,0,1,1,1,1]}},{"__type__":"cc.Node","_name":"GuQuanDuiHuan","_parent":{"__id__":35},"_children":[{"__id__":43}],"_components":[{"__type__":"cc.Sprite","node":{"__id__":42},"_materials":[{"__uuid__":"ecpdLyjvZBwrvm+cedCcQy"}],"_spriteFrame":{"__uuid__":"84F5wKYC1Lt7eHyACbhIwy"},"_sizeMode":0},{"__type__":"cc.Button","node":{"__id__":42},"zoomScale":0.9,"clickEvents":[{"__type__":"cc.ClickEvent","target":{"__id__":1},"_componentId":"f6b98h9dcJB5JXE14uqzs1C","handler":"openTipsPanel","customEventData":"查询大厅-查询大厅"}],"_N$transition":3,"transition":3,"_N$target":{"__id__":42}},{"__type__":"cc.Widget","node":{"__id__":42},"alignMode":2,"_alignFlags":36,"_left":1443.104965209961,"_right":2491.666015625,"_top":1748.2589721679688,"_bottom":903.4519958496094,"_originalWidth":112,"_originalHeight":112},{"__type__":"8ca7dPw7P9EXoSRflkuBeGi","node":{"__id__":42}}],"_prefab":{"__type__":"cc.PrefabInfo","root":{"__id__":1},"asset":{"__uuid__":"ceBfGN1mpBVpenrk7ko/0U"},"fileId":"58PDkjoldL07upoz6JQhGv"},"_contentSize":{"__type__":"cc.Size","width":358.5,"height":72},"_trs":{"__type__":"TypedArray","ctor":"Float64Array","array":[-891.916015625,-334.0480041503906,0,0,0,0,1,1,1,1]}},{"__type__":"cc.Node","_name":"New Label","_parent":{"__id__":42},"_components":[{"__type__":"cc.Label","node":{"__id__":43},"_materials":[{"__uuid__":"ecpdLyjvZBwrvm+cedCcQy"}],"_useOriginalSize":false,"_string":"查询大厅","_N$string":"查询大厅","_fontSize":35,"_N$horizontalAlign":1,"_N$verticalAlign":1}],"_prefab":{"__type__":"cc.PrefabInfo","root":{"__id__":1},"asset":{"__uuid__":"ceBfGN1mpBVpenrk7ko/0U"},"fileId":"e6pFKebChKQK5yLX4bAxQv"},"_contentSize":{"__type__":"cc.Size","width":140,"height":50.4},"_trs":{"__type__":"TypedArray","ctor":"Float64Array","array":[0,0,0,0,0,0,1,1,1,1]}},{"__type__":"cc.Node","_name":"ZuLInShiTang","_parent":{"__id__":35},"_children":[{"__id__":45}],"_components":[{"__type__":"cc.Sprite","node":{"__id__":44},"_materials":[{"__uuid__":"ecpdLyjvZBwrvm+cedCcQy"}],"_spriteFrame":{"__uuid__":"84F5wKYC1Lt7eHyACbhIwy"},"_sizeMode":0},{"__type__":"cc.Button","node":{"__id__":44},"zoomScale":0.9,"clickEvents":[{"__type__":"cc.ClickEvent","target":{"__id__":1},"_componentId":"f6b98h9dcJB5JXE14uqzs1C","handler":"openTipsPanel","customEventData":"市场-市场"}],"_N$transition":3,"transition":3,"_N$target":{"__id__":44}},{"__type__":"cc.Widget","node":{"__id__":44},"alignMode":2,"_alignFlags":36,"_left":1443.104965209961,"_right":2034.8169841766357,"_top":1748.2589721679688,"_bottom":549.469970703125,"_originalWidth":112,"_originalHeight":112},{"__type__":"8ca7dPw7P9EXoSRflkuBeGi","node":{"__id__":44}}],"_prefab":{"__type__":"cc.PrefabInfo","root":{"__id__":1},"asset":{"__uuid__":"ceBfGN1mpBVpenrk7ko/0U"},"fileId":"c3dSIDP79Jv744Vsw90/x8"},"_contentSize":{"__type__":"cc.Size","width":358.5,"height":72},"_trs":{"__type__":"TypedArray","ctor":"Float64Array","array":[-435.06698417663574,-688.030029296875,0,0,0,0,1,1,1,1]}},{"__type__":"cc.Node","_name":"New Label","_parent":{"__id__":44},"_components":[{"__type__":"cc.Label","node":{"__id__":45},"_materials":[{"__uuid__":"ecpdLyjvZBwrvm+cedCcQy"}],"_useOriginalSize":false,"_string":"市场","_N$string":"市场","_fontSize":35,"_N$horizontalAlign":1,"_N$verticalAlign":1}],"_prefab":{"__type__":"cc.PrefabInfo","root":{"__id__":1},"asset":{"__uuid__":"ceBfGN1mpBVpenrk7ko/0U"},"fileId":"38SFiFAeVGrraqC3ZqJZZd"},"_contentSize":{"__type__":"cc.Size","width":70,"height":50.4},"_trs":{"__type__":"TypedArray","ctor":"Float64Array","array":[0,0,0,0,0,0,1,1,1,1]}},{"__type__":"cc.Node","_name":"SaiCheChang","_parent":{"__id__":35},"_children":[{"__id__":47}],"_components":[{"__type__":"cc.Sprite","node":{"__id__":46},"_materials":[{"__uuid__":"ecpdLyjvZBwrvm+cedCcQy"}],"_spriteFrame":{"__uuid__":"84F5wKYC1Lt7eHyACbhIwy"},"_sizeMode":0},{"__type__":"cc.Button","node":{"__id__":46},"zoomScale":0.9,"clickEvents":[{"__type__":"cc.ClickEvent","target":{"__id__":1},"_componentId":"f6b98h9dcJB5JXE14uqzs1C","handler":"OnOpenPage","customEventData":"1"}],"_N$transition":3,"transition":3,"_N$target":{"__id__":46}},{"__type__":"cc.Widget","node":{"__id__":46},"alignMode":2,"_alignFlags":36,"_left":1443.104965209961,"_right":1039.4310343265533,"_top":1748.2589721679688,"_bottom":588.801025390625,"_originalWidth":112,"_originalHeight":112},{"__type__":"8ca7dPw7P9EXoSRflkuBeGi","node":{"__id__":46}}],"_prefab":{"__type__":"cc.PrefabInfo","root":{"__id__":1},"asset":{"__uuid__":"ceBfGN1mpBVpenrk7ko/0U"},"fileId":"7dts7bxBlAbq9aBjDfT4uv"},"_contentSize":{"__type__":"cc.Size","width":358.5,"height":72},"_trs":{"__type__":"TypedArray","ctor":"Float64Array","array":[560.3189656734467,-648.698974609375,0,0,0,0,1,1,1,1]}},{"__type__":"cc.Node","_name":"New Label","_parent":{"__id__":46},"_components":[{"__type__":"cc.Label","node":{"__id__":47},"_materials":[{"__uuid__":"ecpdLyjvZBwrvm+cedCcQy"}],"_useOriginalSize":false,"_string":"自创元宇宙","_N$string":"自创元宇宙","_fontSize":35,"_N$horizontalAlign":1,"_N$verticalAlign":1}],"_prefab":{"__type__":"cc.PrefabInfo","root":{"__id__":1},"asset":{"__uuid__":"ceBfGN1mpBVpenrk7ko/0U"},"fileId":"1bpUpyz6JC6bFxLnYfsUjW"},"_contentSize":{"__type__":"cc.Size","width":175,"height":50.4},"_trs":{"__type__":"TypedArray","ctor":"Float64Array","array":[0,0,0,0,0,0,1,1,1,1]}},{"__type__":"cc.Node","_name":"SheQunZhongXin","_parent":{"__id__":35},"_children":[{"__id__":49}],"_components":[{"__type__":"cc.Sprite","node":{"__id__":48},"_materials":[{"__uuid__":"ecpdLyjvZBwrvm+cedCcQy"}],"_spriteFrame":{"__uuid__":"84F5wKYC1Lt7eHyACbhIwy"},"_sizeMode":0},{"__type__":"cc.Button","node":{"__id__":48},"zoomScale":0.9,"clickEvents":[{"__type__":"cc.ClickEvent","target":{"__id__":1},"_componentId":"f6b98h9dcJB5JXE14uqzs1C","handler":"OnOpenPage","customEventData":"9"}],"_N$transition":3,"transition":3,"_N$target":{"__id__":48}},{"__type__":"cc.Widget","node":{"__id__":48},"alignMode":2,"_alignFlags":36,"_left":1443.104965209961,"_right":1701.744,"_top":1748.2589721679688,"_bottom":293.43600000000004,"_originalWidth":112,"_originalHeight":112},{"__type__":"8ca7dPw7P9EXoSRflkuBeGi","node":{"__id__":48}}],"_prefab":{"__type__":"cc.PrefabInfo","root":{"__id__":1},"asset":{"__uuid__":"ceBfGN1mpBVpenrk7ko/0U"},"fileId":"18HYCe48BEG7+7HWxtv7rf"},"_contentSize":{"__type__":"cc.Size","width":358.5,"height":72},"_trs":{"__type__":"TypedArray","ctor":"Float64Array","array":[-101.99399999999991,-944.064,0,0,0,0,1,1,1,1]}},{"__type__":"cc.Node","_name":"New Label","_parent":{"__id__":48},"_components":[{"__type__":"cc.Label","node":{"__id__":49},"_materials":[{"__uuid__":"ecpdLyjvZBwrvm+cedCcQy"}],"_useOriginalSize":false,"_string":"社交大厅","_N$string":"社交大厅","_fontSize":35,"_N$horizontalAlign":1,"_N$verticalAlign":1}],"_prefab":{"__type__":"cc.PrefabInfo","root":{"__id__":1},"asset":{"__uuid__":"ceBfGN1mpBVpenrk7ko/0U"},"fileId":"d1nUBo5kJJj4CzZ3KbjPFA"},"_contentSize":{"__type__":"cc.Size","width":140,"height":50.4},"_trs":{"__type__":"TypedArray","ctor":"Float64Array","array":[0,0,0,0,0,0,1,1,1,1]}},{"__type__":"cc.Node","_name":"YuLeZhongXin","_parent":{"__id__":35},"_children":[{"__id__":51}],"_components":[{"__type__":"cc.Sprite","node":{"__id__":50},"_materials":[{"__uuid__":"ecpdLyjvZBwrvm+cedCcQy"}],"_spriteFrame":{"__uuid__":"84F5wKYC1Lt7eHyACbhIwy"},"_sizeMode":0},{"__type__":"cc.Button","node":{"__id__":50},"zoomScale":0.9,"clickEvents":[{"__type__":"cc.ClickEvent","target":{"__id__":1},"_componentId":"f6b98h9dcJB5JXE14uqzs1C","handler":"OnOpenPage","customEventData":"7"}],"_N$transition":3,"transition":3,"_N$target":{"__id__":50}},{"__type__":"cc.Widget","node":{"__id__":50},"alignMode":2,"_alignFlags":36,"_left":1443.104965209961,"_right":2036.8550109863281,"_top":1748.2589721679688,"_bottom":138.83802032470703,"_originalWidth":112,"_originalHeight":112},{"__type__":"8ca7dPw7P9EXoSRflkuBeGi","node":{"__id__":50}}],"_prefab":{"__type__":"cc.PrefabInfo","root":{"__id__":1},"asset":{"__uuid__":"ceBfGN1mpBVpenrk7ko/0U"},"fileId":"f6b9+9eVhK6Z6cOlxq/pbD"},"_contentSize":{"__type__":"cc.Size","width":358.5,"height":72},"_trs":{"__type__":"TypedArray","ctor":"Float64Array","array":[-437.1050109863281,-1098.661979675293,0,0,0,0,1,1,1,1]}},{"__type__":"cc.Node","_name":"New Label","_parent":{"__id__":50},"_components":[{"__type__":"cc.Label","node":{"__id__":51},"_materials":[{"__uuid__":"ecpdLyjvZBwrvm+cedCcQy"}],"_useOriginalSize":false,"_string":"平行游戏大厅","_N$string":"平行游戏大厅","_fontSize":35,"_N$horizontalAlign":1,"_N$verticalAlign":1}],"_prefab":{"__type__":"cc.PrefabInfo","root":{"__id__":1},"asset":{"__uuid__":"ceBfGN1mpBVpenrk7ko/0U"},"fileId":"8dMD9A6/ZHWKkCog4fhfSP"},"_contentSize":{"__type__":"cc.Size","width":210,"height":50.4},"_trs":{"__type__":"TypedArray","ctor":"Float64Array","array":[0,0,0,0,0,0,1,1,1,1]}},{"__type__":"cc.Node","_name":"GouWuZhongXin","_parent":{"__id__":35},"_children":[{"__id__":53}],"_components":[{"__type__":"cc.Sprite","node":{"__id__":52},"_materials":[{"__uuid__":"ecpdLyjvZBwrvm+cedCcQy"}],"_spriteFrame":{"__uuid__":"84F5wKYC1Lt7eHyACbhIwy"},"_sizeMode":0},{"__type__":"cc.Button","node":{"__id__":52},"zoomScale":0.9,"clickEvents":[{"__type__":"cc.ClickEvent","target":{"__id__":1},"_componentId":"f6b98h9dcJB5JXE14uqzs1C","handler":"OnOpenPage","customEventData":"5"}],"_N$transition":3,"transition":3,"_N$target":{"__id__":52}},{"__type__":"cc.Widget","node":{"__id__":52},"alignMode":2,"_alignFlags":36,"_left":1443.104965209961,"_right":2629.9849853515625,"_top":1748.2589721679688,"_bottom":103.10595321655273,"_originalWidth":112,"_originalHeight":112},{"__type__":"8ca7dPw7P9EXoSRflkuBeGi","node":{"__id__":52}}],"_prefab":{"__type__":"cc.PrefabInfo","root":{"__id__":1},"asset":{"__uuid__":"ceBfGN1mpBVpenrk7ko/0U"},"fileId":"83F9oaqOVI0Z4FbvXg+dnb"},"_contentSize":{"__type__":"cc.Size","width":358.5,"height":72},"_trs":{"__type__":"TypedArray","ctor":"Float64Array","array":[-1030.2349853515625,-1134.3940467834473,0,0,0,0,1,1,1,1]}},{"__type__":"cc.Node","_name":"New Label","_parent":{"__id__":52},"_components":[{"__type__":"cc.Label","node":{"__id__":53},"_materials":[{"__uuid__":"ecpdLyjvZBwrvm+cedCcQy"}],"_useOriginalSize":false,"_string":"商店","_N$string":"商店","_fontSize":35,"_N$horizontalAlign":1,"_N$verticalAlign":1}],"_prefab":{"__type__":"cc.PrefabInfo","root":{"__id__":1},"asset":{"__uuid__":"ceBfGN1mpBVpenrk7ko/0U"},"fileId":"cc/SL4klVGELV8BcSdgHce"},"_contentSize":{"__type__":"cc.Size","width":70,"height":50.4},"_trs":{"__type__":"TypedArray","ctor":"Float64Array","array":[0,0,0,0,0,0,1,1,1,1]}},{"__type__":"cc.Node","_name":"NongChang","_parent":{"__id__":35},"_children":[{"__id__":55}],"_components":[{"__type__":"cc.Sprite","node":{"__id__":54},"_materials":[{"__uuid__":"ecpdLyjvZBwrvm+cedCcQy"}],"_spriteFrame":{"__uuid__":"84F5wKYC1Lt7eHyACbhIwy"},"_sizeMode":0},{"__type__":"cc.Button","node":{"__id__":54},"zoomScale":0.9,"clickEvents":[{"__type__":"cc.ClickEvent","target":{"__id__":1},"_componentId":"f6b98h9dcJB5JXE14uqzs1C","handler":"OnOpenPage","customEventData":"11"}],"_N$transition":3,"transition":3,"_N$target":{"__id__":54}},{"__type__":"cc.Widget","node":{"__id__":54},"alignMode":2,"_alignFlags":36,"_left":1443.104965209961,"_right":3180.2390102148056,"_top":1748.2589721679688,"_bottom":224.59099578857422,"_originalWidth":112,"_originalHeight":112},{"__type__":"8ca7dPw7P9EXoSRflkuBeGi","node":{"__id__":54}}],"_prefab":{"__type__":"cc.PrefabInfo","root":{"__id__":1},"asset":{"__uuid__":"ceBfGN1mpBVpenrk7ko/0U"},"fileId":"59YytLcDlH17u0RVPkWh3o"},"_contentSize":{"__type__":"cc.Size","width":358.5,"height":72},"_trs":{"__type__":"TypedArray","ctor":"Float64Array","array":[-1580.4890102148056,-1012.9090042114258,0,0,0,0,1,1,1,1]}},{"__type__":"cc.Node","_name":"New Label","_parent":{"__id__":54},"_components":[{"__type__":"cc.Label","node":{"__id__":55},"_materials":[{"__uuid__":"ecpdLyjvZBwrvm+cedCcQy"}],"_useOriginalSize":false,"_string":"我的","_N$string":"我的","_fontSize":35,"_N$horizontalAlign":1,"_N$verticalAlign":1}],"_prefab":{"__type__":"cc.PrefabInfo","root":{"__id__":1},"asset":{"__uuid__":"ceBfGN1mpBVpenrk7ko/0U"},"fileId":"a0d2uaKxZISL/WcsZhfWnb"},"_contentSize":{"__type__":"cc.Size","width":70,"height":50.4},"_trs":{"__type__":"TypedArray","ctor":"Float64Array","array":[0,0,0,0,0,0,1,1,1,1]}},{"__type__":"cc.Node","_name":"MaTou","_parent":{"__id__":35},"_children":[{"__id__":57}],"_components":[{"__type__":"cc.Sprite","node":{"__id__":56},"_materials":[{"__uuid__":"ecpdLyjvZBwrvm+cedCcQy"}],"_spriteFrame":{"__uuid__":"84F5wKYC1Lt7eHyACbhIwy"},"_sizeMode":0},{"__type__":"cc.Button","node":{"__id__":56},"zoomScale":0.9,"clickEvents":[{"__type__":"cc.ClickEvent","target":{"__id__":1},"_componentId":"f6b98h9dcJB5JXE14uqzs1C","handler":"openTipsPanel","customEventData":"星际试炼场-星际试炼场"}],"_N$transition":3,"transition":3,"_N$target":{"__id__":56}},{"__type__":"cc.Widget","node":{"__id__":56},"alignMode":2,"_alignFlags":36,"_left":1443.104965209961,"_right":757.5770225524902,"_top":1748.2589721679688,"_bottom":-223.93508911132812,"_originalWidth":112,"_originalHeight":112},{"__type__":"8ca7dPw7P9EXoSRflkuBeGi","node":{"__id__":56}}],"_prefab":{"__type__":"cc.PrefabInfo","root":{"__id__":1},"asset":{"__uuid__":"ceBfGN1mpBVpenrk7ko/0U"},"fileId":"ba/8tNsaJBW5jExVFs8fCg"},"_contentSize":{"__type__":"cc.Size","width":358.5,"height":72},"_trs":{"__type__":"TypedArray","ctor":"Float64Array","array":[842.1729774475098,-1461.4350891113281,0,0,0,0,1,1,1,1]}},{"__type__":"cc.Node","_name":"New Label","_parent":{"__id__":56},"_components":[{"__type__":"cc.Label","node":{"__id__":57},"_materials":[{"__uuid__":"ecpdLyjvZBwrvm+cedCcQy"}],"_useOriginalSize":false,"_string":"星际试炼场","_N$string":"星际试炼场","_fontSize":35,"_N$horizontalAlign":1,"_N$verticalAlign":1}],"_prefab":{"__type__":"cc.PrefabInfo","root":{"__id__":1},"asset":{"__uuid__":"ceBfGN1mpBVpenrk7ko/0U"},"fileId":"95CTDG/7NOWoAE2Ff0W4cu"},"_contentSize":{"__type__":"cc.Size","width":175,"height":50.4},"_trs":{"__type__":"TypedArray","ctor":"Float64Array","array":[0,0,0,0,0,0,1,1,1,1]}},{"__type__":"cc.Node","_name":"ZJC","_parent":{"__id__":35},"_children":[{"__id__":59}],"_components":[{"__type__":"cc.Sprite","node":{"__id__":58},"_materials":[{"__uuid__":"ecpdLyjvZBwrvm+cedCcQy"}],"_spriteFrame":{"__uuid__":"84F5wKYC1Lt7eHyACbhIwy"},"_sizeMode":0},{"__type__":"cc.Button","node":{"__id__":58},"zoomScale":0.9,"clickEvents":[{"__type__":"cc.ClickEvent","target":{"__id__":1},"_componentId":"f6b98h9dcJB5JXE14uqzs1C","handler":"openTipsPanel","customEventData":"铸金场-铸金场"}],"_N$transition":3,"transition":3,"_N$target":{"__id__":58}},{"__type__":"cc.Widget","node":{"__id__":58},"alignMode":2,"_alignFlags":36,"_left":1443.104965209961,"_right":1824.528,"_top":1748.2589721679688,"_bottom":1135.218,"_originalWidth":112,"_originalHeight":112},{"__type__":"8ca7dPw7P9EXoSRflkuBeGi","node":{"__id__":58}}],"_prefab":{"__type__":"cc.PrefabInfo","root":{"__id__":1},"asset":{"__uuid__":"ceBfGN1mpBVpenrk7ko/0U"},"fileId":"e1WQk3OyBM1pGctfLu3QSz"},"_contentSize":{"__type__":"cc.Size","width":358.5,"height":72},"_trs":{"__type__":"TypedArray","ctor":"Float64Array","array":[-224.77800000000002,-102.28199999999993,0,0,0,0,1,1,1,1]}},{"__type__":"cc.Node","_name":"New Label","_parent":{"__id__":58},"_components":[{"__type__":"cc.Label","node":{"__id__":59},"_materials":[{"__uuid__":"ecpdLyjvZBwrvm+cedCcQy"}],"_useOriginalSize":false,"_string":"铸金场","_N$string":"铸金场","_fontSize":35,"_N$horizontalAlign":1,"_N$verticalAlign":1}],"_prefab":{"__type__":"cc.PrefabInfo","root":{"__id__":1},"asset":{"__uuid__":"ceBfGN1mpBVpenrk7ko/0U"},"fileId":"faEt1dnV1Fx7XwiSl07ipp"},"_contentSize":{"__type__":"cc.Size","width":105,"height":50.4},"_trs":{"__type__":"TypedArray","ctor":"Float64Array","array":[0,0,0,0,0,0,1,1,1,1]}},{"__type__":"cc.Node","_name":"JJC","_parent":{"__id__":35},"_children":[{"__id__":61}],"_components":[{"__type__":"cc.Sprite","node":{"__id__":60},"_materials":[{"__uuid__":"ecpdLyjvZBwrvm+cedCcQy"}],"_spriteFrame":{"__uuid__":"84F5wKYC1Lt7eHyACbhIwy"},"_sizeMode":0},{"__type__":"cc.Button","node":{"__id__":60},"zoomScale":0.9,"clickEvents":[{"__type__":"cc.ClickEvent","target":{"__id__":1},"_componentId":"f6b98h9dcJB5JXE14uqzs1C","handler":"openTipsPanel","customEventData":"竞技场-宠物竞技场"}],"_N$transition":3,"transition":3,"_N$target":{"__id__":60}},{"__type__":"cc.Widget","node":{"__id__":60},"alignMode":2,"_alignFlags":36,"_left":1443.104965209961,"_right":2649.65,"_top":1748.2589721679688,"_bottom":-620.0699999999999,"_originalWidth":112,"_originalHeight":112},{"__type__":"8ca7dPw7P9EXoSRflkuBeGi","node":{"__id__":60}}],"_prefab":{"__type__":"cc.PrefabInfo","root":{"__id__":1},"asset":{"__uuid__":"ceBfGN1mpBVpenrk7ko/0U"},"fileId":"1c55o8TQZExbOKj3TGuCS4"},"_contentSize":{"__type__":"cc.Size","width":358.5,"height":72},"_trs":{"__type__":"TypedArray","ctor":"Float64Array","array":[-1049.9,-1857.57,0,0,0,0,1,1,1,1]}},{"__type__":"cc.Node","_name":"New Label","_parent":{"__id__":60},"_components":[{"__type__":"cc.Label","node":{"__id__":61},"_materials":[{"__uuid__":"ecpdLyjvZBwrvm+cedCcQy"}],"_useOriginalSize":false,"_string":"竞技场","_N$string":"竞技场","_fontSize":35,"_N$horizontalAlign":1,"_N$verticalAlign":1}],"_prefab":{"__type__":"cc.PrefabInfo","root":{"__id__":1},"asset":{"__uuid__":"ceBfGN1mpBVpenrk7ko/0U"},"fileId":"16VRrkuYVAq77/0I8DIq40"},"_contentSize":{"__type__":"cc.Size","width":105,"height":50.4},"_trs":{"__type__":"TypedArray","ctor":"Float64Array","array":[0,0,0,0,0,0,1,1,1,1]}},{"__type__":"cc.Node","_name":"CYM","_parent":{"__id__":35},"_children":[{"__id__":63}],"_components":[{"__type__":"cc.Sprite","node":{"__id__":62},"_materials":[{"__uuid__":"ecpdLyjvZBwrvm+cedCcQy"}],"_spriteFrame":{"__uuid__":"84F5wKYC1Lt7eHyACbhIwy"},"_sizeMode":0},{"__type__":"cc.Button","node":{"__id__":62},"zoomScale":0.9,"clickEvents":[{"__type__":"cc.ClickEvent","target":{"__id__":1},"_componentId":"f6b98h9dcJB5JXE14uqzs1C","handler":"openTipsPanel","customEventData":"主线游戏-主线游戏星际争霸"}],"_N$transition":3,"transition":3,"_N$target":{"__id__":62}},{"__type__":"cc.Widget","node":{"__id__":62},"alignMode":2,"_alignFlags":36,"_left":1443.104965209961,"_right":2014.066,"_top":1748.2589721679688,"_bottom":-624.643,"_originalWidth":112,"_originalHeight":112},{"__type__":"8ca7dPw7P9EXoSRflkuBeGi","node":{"__id__":62}}],"_prefab":{"__type__":"cc.PrefabInfo","root":{"__id__":1},"asset":{"__uuid__":"ceBfGN1mpBVpenrk7ko/0U"},"fileId":"aesgCvn5xDpKQkYUHnKpof"},"_contentSize":{"__type__":"cc.Size","width":358.5,"height":72},"_trs":{"__type__":"TypedArray","ctor":"Float64Array","array":[-414.31600000000003,-1862.143,0,0,0,0,1,1,1,1]}},{"__type__":"cc.Node","_name":"New Label","_parent":{"__id__":62},"_components":[{"__type__":"cc.Label","node":{"__id__":63},"_materials":[{"__uuid__":"ecpdLyjvZBwrvm+cedCcQy"}],"_useOriginalSize":false,"_string":"主线游戏穿越门","_N$string":"主线游戏穿越门","_fontSize":35,"_N$horizontalAlign":1,"_N$verticalAlign":1}],"_prefab":{"__type__":"cc.PrefabInfo","root":{"__id__":1},"asset":{"__uuid__":"ceBfGN1mpBVpenrk7ko/0U"},"fileId":"a4urc0okhFwocw6V318rt1"},"_contentSize":{"__type__":"cc.Size","width":245,"height":50.4},"_trs":{"__type__":"TypedArray","ctor":"Float64Array","array":[0,0,0,0,0,0,1,1,1,1]}},{"__type__":"cc.Node","_name":"XQ","_parent":{"__id__":35},"_children":[{"__id__":65}],"_components":[{"__type__":"cc.Sprite","node":{"__id__":64},"_materials":[{"__uuid__":"ecpdLyjvZBwrvm+cedCcQy"}],"_spriteFrame":{"__uuid__":"84F5wKYC1Lt7eHyACbhIwy"},"_sizeMode":0},{"__type__":"cc.Button","node":{"__id__":64},"zoomScale":0.9,"clickEvents":[{"__type__":"cc.ClickEvent","target":{"__id__":1},"_componentId":"f6b98h9dcJB5JXE14uqzs1C","handler":"openTipsPanel","customEventData":"星群-星群"}],"_N$transition":3,"transition":3,"_N$target":{"__id__":64}},{"__type__":"cc.Widget","node":{"__id__":64},"alignMode":2,"_alignFlags":36,"_left":1443.104965209961,"_right":1375.58,"_top":1748.2589721679688,"_bottom":182.79999999999995,"_originalWidth":112,"_originalHeight":112},{"__type__":"8ca7dPw7P9EXoSRflkuBeGi","node":{"__id__":64}}],"_prefab":{"__type__":"cc.PrefabInfo","root":{"__id__":1},"asset":{"__uuid__":"ceBfGN1mpBVpenrk7ko/0U"},"fileId":"edQQVexHZH7onMQ+z/q1E3"},"_contentSize":{"__type__":"cc.Size","width":358.5,"height":72},"_trs":{"__type__":"TypedArray","ctor":"Float64Array","array":[224.17000000000007,-1054.7,0,0,0,0,1,1,1,1]}},{"__type__":"cc.Node","_name":"New Label","_parent":{"__id__":64},"_components":[{"__type__":"cc.Label","node":{"__id__":65},"_materials":[{"__uuid__":"ecpdLyjvZBwrvm+cedCcQy"}],"_useOriginalSize":false,"_string":"星群","_N$string":"星群","_fontSize":35,"_N$horizontalAlign":1,"_N$verticalAlign":1}],"_prefab":{"__type__":"cc.PrefabInfo","root":{"__id__":1},"asset":{"__uuid__":"ceBfGN1mpBVpenrk7ko/0U"},"fileId":"74NvMyz21MtKxPrD582nC5"},"_contentSize":{"__type__":"cc.Size","width":70,"height":50.4},"_trs":{"__type__":"TypedArray","ctor":"Float64Array","array":[0,0,0,0,0,0,1,1,1,1]}},{"__type__":"cc.Node","_name":"JRDT","_parent":{"__id__":35},"_children":[{"__id__":67}],"_components":[{"__type__":"cc.Sprite","node":{"__id__":66},"_materials":[{"__uuid__":"ecpdLyjvZBwrvm+cedCcQy"}],"_spriteFrame":{"__uuid__":"84F5wKYC1Lt7eHyACbhIwy"},"_sizeMode":0},{"__type__":"cc.Button","node":{"__id__":66},"zoomScale":0.9,"clickEvents":[{"__type__":"cc.ClickEvent","target":{"__id__":1},"_componentId":"f6b98h9dcJB5JXE14uqzs1C","handler":"openTipsPanel","customEventData":"金融大厅-金融大厅"}],"_N$transition":3,"transition":3,"_N$target":{"__id__":66}},{"__type__":"cc.Widget","node":{"__id__":66},"alignMode":2,"_alignFlags":36,"_left":1443.104965209961,"_right":1428.898,"_top":1748.2589721679688,"_bottom":515.489,"_originalWidth":112,"_originalHeight":112},{"__type__":"8ca7dPw7P9EXoSRflkuBeGi","node":{"__id__":66}}],"_prefab":{"__type__":"cc.PrefabInfo","root":{"__id__":1},"asset":{"__uuid__":"ceBfGN1mpBVpenrk7ko/0U"},"fileId":"25uf+ehkVPnJtylwChMvQF"},"_contentSize":{"__type__":"cc.Size","width":358.5,"height":72},"_trs":{"__type__":"TypedArray","ctor":"Float64Array","array":[170.8520000000001,-722.011,0,0,0,0,1,1,1,1]}},{"__type__":"cc.Node","_name":"New Label","_parent":{"__id__":66},"_components":[{"__type__":"cc.Label","node":{"__id__":67},"_materials":[{"__uuid__":"ecpdLyjvZBwrvm+cedCcQy"}],"_useOriginalSize":false,"_string":"金融大厅","_N$string":"金融大厅","_fontSize":35,"_N$horizontalAlign":1,"_N$verticalAlign":1}],"_prefab":{"__type__":"cc.PrefabInfo","root":{"__id__":1},"asset":{"__uuid__":"ceBfGN1mpBVpenrk7ko/0U"},"fileId":"a5WnpW/+BND7haMiCDgrTL"},"_contentSize":{"__type__":"cc.Size","width":140,"height":50.4},"_trs":{"__type__":"TypedArray","ctor":"Float64Array","array":[0,0,0,0,0,0,1,1,1,1]}},{"__type__":"cc.Node","_name":"3D","_parent":{"__id__":1},"_components":[{"__type__":"cc.Camera","node":{"__id__":68},"_cullingMask":2,"_ortho":false,"_alignWithScreen":false}],"_prefab":{"__type__":"cc.PrefabInfo","root":{"__id__":1},"asset":{"__uuid__":"ceBfGN1mpBVpenrk7ko/0U"},"fileId":"26ccYk9ptPwYRX1v777ihs"},"_trs":{"__type__":"TypedArray","ctor":"Float64Array","array":[-530,-1920,0,0,0,0,1,1,1,1]},"_is3DNode":true},{"__type__":"cc.Node","_name":"NongChang","_parent":{"__id__":1},"_children":[{"__id__":70},{"__id__":71},{"__id__":72},{"__id__":73},{"__id__":74},{"__id__":75},{"__id__":76}],"_components":[{"__type__":"3031dvXoiJPCpmW3C2+1ZWo","node":{"__id__":69},"NongChang":[{"__id__":70},{"__id__":71},{"__id__":72},{"__id__":73},{"__id__":74},{"__id__":75}],"TuDi":[null,null,null,null,null,null],"NongChangDesc":{"__id__":76}}],"_prefab":{"__type__":"cc.PrefabInfo","root":{"__id__":1},"asset":{"__uuid__":"ceBfGN1mpBVpenrk7ko/0U"},"fileId":"0a5RUFRYNIGZzcI7PPy4AR"},"_trs":{"__type__":"TypedArray","ctor":"Float64Array","array":[-1365.02294921875,-733.780029296875,0,0,0,0,1,1,1,1]}},{"__type__":"cc.Node","_name":"0","_parent":{"__id__":69},"_components":[{"__type__":"cc.Sprite","node":{"__id__":70},"_materials":[{"__uuid__":"ecpdLyjvZBwrvm+cedCcQy"}]},{"__type__":"cc.Button","node":{"__id__":70}}],"_prefab":{"__type__":"cc.PrefabInfo","root":{"__id__":1},"asset":{"__uuid__":"ceBfGN1mpBVpenrk7ko/0U"},"fileId":"1aZ/zSfTdIK62pRqWKfm7n"},"_contentSize":{"__type__":"cc.Size","width":148,"height":108},"_anchorPoint":{"__type__":"cc.Vec2","x":0.5},"_trs":{"__type__":"TypedArray","ctor":"Float64Array","array":[100.4020004272461,-275.72698974609375,0,0,0,0,1,1.5,1.5,1]}},{"__type__":"cc.Node","_name":"1","_parent":{"__id__":69},"_components":[{"__type__":"cc.Sprite","node":{"__id__":71},"_materials":[{"__uuid__":"ecpdLyjvZBwrvm+cedCcQy"}]},{"__type__":"cc.Button","node":{"__id__":71}}],"_prefab":{"__type__":"cc.PrefabInfo","root":{"__id__":1},"asset":{"__uuid__":"ceBfGN1mpBVpenrk7ko/0U"},"fileId":"98rBnx9J9L0rlYSYijxC5X"},"_contentSize":{"__type__":"cc.Size","width":148,"height":108},"_anchorPoint":{"__type__":"cc.Vec2","x":0.5},"_trs":{"__type__":"TypedArray","ctor":"Float64Array","array":[-84.46399688720703,-147.8679962158203,0,0,0,0,1,1.5,1.5,1]}},{"__type__":"cc.Node","_name":"2","_parent":{"__id__":69},"_components":[{"__type__":"cc.Sprite","node":{"__id__":72},"_materials":[{"__uuid__":"ecpdLyjvZBwrvm+cedCcQy"}]},{"__type__":"cc.Button","node":{"__id__":72}}],"_prefab":{"__type__":"cc.PrefabInfo","root":{"__id__":1},"asset":{"__uuid__":"ceBfGN1mpBVpenrk7ko/0U"},"fileId":"f4DVrGa7pGH4CSzu3aj1db"},"_contentSize":{"__type__":"cc.Size","width":148,"height":108},"_anchorPoint":{"__type__":"cc.Vec2","x":0.5},"_trs":{"__type__":"TypedArray","ctor":"Float64Array","array":[-266.6310119628906,-14.279000282287598,0,0,0,0,1,1.5,1.5,1]}},{"__type__":"cc.Node","_name":"3","_parent":{"__id__":69},"_components":[{"__type__":"cc.Sprite","node":{"__id__":73},"_materials":[{"__uuid__":"ecpdLyjvZBwrvm+cedCcQy"}]},{"__type__":"cc.Button","node":{"__id__":73}}],"_prefab":{"__type__":"cc.PrefabInfo","root":{"__id__":1},"asset":{"__uuid__":"ceBfGN1mpBVpenrk7ko/0U"},"fileId":"07FP9jXAFOc6Cmv6GgSSIt"},"_contentSize":{"__type__":"cc.Size","width":148,"height":108},"_anchorPoint":{"__type__":"cc.Vec2","x":0.5},"_trs":{"__type__":"TypedArray","ctor":"Float64Array","array":[-73.66899871826172,119.30999755859375,0,0,0,0,1,1.5,1.5,1]}},{"__type__":"cc.Node","_name":"4","_parent":{"__id__":69},"_components":[{"__type__":"cc.Sprite","node":{"__id__":74},"_materials":[{"__uuid__":"ecpdLyjvZBwrvm+cedCcQy"}]},{"__type__":"cc.Button","node":{"__id__":74}}],"_prefab":{"__type__":"cc.PrefabInfo","root":{"__id__":1},"asset":{"__uuid__":"ceBfGN1mpBVpenrk7ko/0U"},"fileId":"72aXnKvXdCjp2idVSSbe23"},"_contentSize":{"__type__":"cc.Size","width":148,"height":108},"_anchorPoint":{"__type__":"cc.Vec2","x":0.5},"_trs":{"__type__":"TypedArray","ctor":"Float64Array","array":[107.14900207519531,-11.579999923706055,0,0,0,0,1,1.5,1.5,1]}},{"__type__":"cc.Node","_name":"5","_parent":{"__id__":69},"_components":[{"__type__":"cc.Sprite","node":{"__id__":75},"_materials":[{"__uuid__":"ecpdLyjvZBwrvm+cedCcQy"}]},{"__type__":"cc.Button","node":{"__id__":75}}],"_prefab":{"__type__":"cc.PrefabInfo","root":{"__id__":1},"asset":{"__uuid__":"ceBfGN1mpBVpenrk7ko/0U"},"fileId":"f2jdRrYtRN2YFSz/9f0pTL"},"_contentSize":{"__type__":"cc.Size","width":148,"height":108},"_anchorPoint":{"__type__":"cc.Vec2","x":0.5},"_trs":{"__type__":"TypedArray","ctor":"Float64Array","array":[290.6650085449219,-139.77200317382812,0,0,0,0,1,1.5,1.5,1]}},{"__type__":"cc.Node","_name":"desc","_parent":{"__id__":69},"_children":[{"__id__":77},{"__id__":78},{"__id__":79},{"__id__":80},{"__id__":81}],"_active":false,"_prefab":{"__type__":"cc.PrefabInfo","root":{"__id__":1},"asset":{"__uuid__":"ceBfGN1mpBVpenrk7ko/0U"},"fileId":"77S7rAv0xFtJmRJWf7vx89"},"_anchorPoint":{"__type__":"cc.Vec2","x":0.5},"_trs":{"__type__":"TypedArray","ctor":"Float64Array","array":[99.40499877929688,-274.2200012207031,0,0,0,0,1,1,1,1]}},{"__type__":"cc.Node","_name":"shouhuo","_parent":{"__id__":76},"_components":[{"__type__":"cc.Sprite","node":{"__id__":77},"_materials":[{"__uuid__":"ecpdLyjvZBwrvm+cedCcQy"}],"_spriteFrame":{"__uuid__":"a2MjXRFdtLlYQ5ouAFv/+R"},"_sizeMode":0}],"_prefab":{"__type__":"cc.PrefabInfo","root":{"__id__":1},"asset":{"__uuid__":"ceBfGN1mpBVpenrk7ko/0U"},"fileId":"8caGwV0O1PUpLYNpg6A0jB"},"_contentSize":{"__type__":"cc.Size","width":260,"height":35},"_trs":{"__type__":"TypedArray","ctor":"Float64Array","array":[5.4770002365112305,190,0,0,0,0,1,1,1,1]}},{"__type__":"cc.Node","_name":"name","_parent":{"__id__":76},"_components":[{"__type__":"cc.Label","node":{"__id__":78},"_materials":[{"__uuid__":"ecpdLyjvZBwrvm+cedCcQy"}],"_useOriginalSize":false,"_string":"蓝莓","_N$string":"蓝莓","_fontSize":20,"_lineHeight":30,"_N$horizontalAlign":1,"_N$verticalAlign":1},{"__type__":"cc.LabelOutline","node":{"__id__":78}}],"_prefab":{"__type__":"cc.PrefabInfo","root":{"__id__":1},"asset":{"__uuid__":"ceBfGN1mpBVpenrk7ko/0U"},"fileId":"f01AcKe1tHnLphEi+A4We6"},"_color":{"__type__":"cc.Color","r":110,"g":60,"b":51},"_contentSize":{"__type__":"cc.Size","width":42,"height":39.8},"_trs":{"__type__":"TypedArray","ctor":"Float64Array","array":[-93.72200012207031,192,0,0,0,0,1,1,1,1]}},{"__type__":"cc.Node","_name":"bg","_parent":{"__id__":76},"_components":[{"__type__":"cc.Sprite","node":{"__id__":79},"_materials":[{"__uuid__":"ecpdLyjvZBwrvm+cedCcQy"}],"_spriteFrame":{"__uuid__":"a2MjXRFdtLlYQ5ouAFv/+R"},"_sizeMode":0,"_fillRange":0.5}],"_prefab":{"__type__":"cc.PrefabInfo","root":{"__id__":1},"asset":{"__uuid__":"ceBfGN1mpBVpenrk7ko/0U"},"fileId":"c7D5EOcvVD57akIb2kDVEM"},"_opacity":128,"_color":{"__type__":"cc.Color"},"_contentSize":{"__type__":"cc.Size","width":200,"height":30},"_trs":{"__type__":"TypedArray","ctor":"Float64Array","array":[33.93600082397461,190,0,0,0,0,1,1,1,1]}},{"__type__":"cc.Node","_name":"process","_parent":{"__id__":76},"_components":[{"__type__":"cc.Sprite","node":{"__id__":80},"_materials":[{"__uuid__":"ecpdLyjvZBwrvm+cedCcQy"}],"_spriteFrame":{"__uuid__":"a2MjXRFdtLlYQ5ouAFv/+R"},"_type":3,"_sizeMode":0}],"_prefab":{"__type__":"cc.PrefabInfo","root":{"__id__":1},"asset":{"__uuid__":"ceBfGN1mpBVpenrk7ko/0U"},"fileId":"70MHVDG3NIsaUH+auJ54yd"},"_color":{"__type__":"cc.Color","r":122,"g":255},"_contentSize":{"__type__":"cc.Size","width":200,"height":30},"_trs":{"__type__":"TypedArray","ctor":"Float64Array","array":[33.93600082397461,190,0,0,0,0,1,1,1,1]}},{"__type__":"cc.Node","_name":"period","_parent":{"__id__":76},"_components":[{"__type__":"cc.Label","node":{"__id__":81},"_materials":[{"__uuid__":"ecpdLyjvZBwrvm+cedCcQy"}],"_useOriginalSize":false,"_string":"5小时25分发芽)","_N$string":"5小时25分发芽)","_fontSize":20,"_lineHeight":30,"_N$horizontalAlign":1,"_N$verticalAlign":1},{"__type__":"cc.LabelOutline","node":{"__id__":81}}],"_prefab":{"__type__":"cc.PrefabInfo","root":{"__id__":1},"asset":{"__uuid__":"ceBfGN1mpBVpenrk7ko/0U"},"fileId":"a9QGcYsW9OBpKkaEQ0cx9V"},"_color":{"__type__":"cc.Color","r":110,"g":60,"b":51},"_contentSize":{"__type__":"cc.Size","width":142.03,"height":39.8},"_trs":{"__type__":"TypedArray","ctor":"Float64Array","array":[37.93899917602539,192.32899475097656,0,0,0,0,1,1,1,1]}},{"__type__":"cc.Node","_name":"feiji","_parent":{"__id__":1},"_components":[{"__type__":"cc.Sprite","node":{"__id__":82},"_materials":[{"__uuid__":"ecpdLyjvZBwrvm+cedCcQy"}],"_spriteFrame":{"__uuid__":"f567WOwG1ACLc1WbhuA0eI"},"_sizeMode":0}],"_prefab":{"__type__":"cc.PrefabInfo","root":{"__id__":1},"asset":{"__uuid__":"ceBfGN1mpBVpenrk7ko/0U"},"fileId":"92JSHtJ2tOYLQ5JaqS+6Hg"},"_contentSize":{"__type__":"cc.Size","width":162,"height":91.5},"_trs":{"__type__":"TypedArray","ctor":"Float64Array","array":[-1014.278,-1379.193,0,0,1,0,6.123233995736766e-17,1,1,1]},"_eulerAngles":{"__type__":"cc.Vec3","y":180},"_is3DNode":true}],{"__type__":"cc.SpriteFrame","content":{"name":"租赁市场","texture":"b0GhJQhv1OxJRPjau5wpF2","rect":[275,1031,350,287],"offset":[0,0],"originalSize":[350,287],"capInsets":[0,0,0,0]}},{"__type__":"cc.SpriteFrame","content":{"name":"chuan2","texture":"b0GhJQhv1OxJRPjau5wpF2","rect":[0,1322,625,313],"offset":[0,0],"originalSize":[625,313],"capInsets":[0,0,0,0]}},{"__type__":"cc.SpriteFrame","content":{"name":"星群","texture":"fa6SCGXUVGaKPyG3f4VaSH","rect":[4,6,193,192],"offset":[-1,-0.5],"originalSize":[203,203],"capInsets":[0,0,0,0]}},{"__type__":"cc.SpriteFrame","content":{"name":"图层 24@2x","texture":"b0GhJQhv1OxJRPjau5wpF2","rect":[407,0,51,51],"offset":[0,0],"originalSize":[51,51],"capInsets":[0,0,0,0]}},{"__type__":"cc.SpriteFrame","content":{"name":"查询大厅","texture":"a4K978W0hEZ7NjpedhPiBm","rect":[0,0,252,319],"offset":[0,0],"originalSize":[252,319],"capInsets":[0,0,0,0]}},{"__type__":"cc.SpriteFrame","content":{"name":"背景","texture":"a8OfLOh8JO/bVhqpG44AYj","rect":[0,0,2372,1698],"offset":[0,0],"originalSize":[2372,1698],"capInsets":[0,0,0,0]}},{"__type__":"cc.SpriteFrame","content":{"name":"图层 30@2x","texture":"b0GhJQhv1OxJRPjau5wpF2","rect":[650,0,59,60],"offset":[0,0],"originalSize":[59,60],"capInsets":[0,0,0,0]}},{"__type__":"cc.SpriteFrame","content":{"name":"图层 23@2x","texture":"b0GhJQhv1OxJRPjau5wpF2","rect":[0,0,51,37],"offset":[0,0],"originalSize":[51,37],"capInsets":[0,0,0,0]}},{"__type__":"cc.SpriteFrame","content":{"name":"feiji","texture":"b0GhJQhv1OxJRPjau5wpF2","rect":[709,0,108,61],"offset":[0,0],"originalSize":[108,61],"capInsets":[0,0,0,0]}}]