[{"__type__":"cc.SpriteFrame","content":{"name":"bg3@2x","texture":"7aCT8KSIZEGJPt8byyYU3C","rect":[0,0,1092,110],"offset":[0,0],"originalSize":[1092,110],"capInsets":[0,0,0,0]}},{"__type__":"cc.SpriteFrame","content":{"name":"diamond@2x","texture":"13SC6Ri0BPgrx0RO+6Od3M","rect":[0,0,57,55],"offset":[0,0],"originalSize":[57,55],"capInsets":[0,0,0,0]}},{"__type__":"cc.SpriteFrame","content":{"name":"新手房@2x","texture":"91Kg7y+d5Pq6HaqJIw5MSy","rect":[2,2,183,66],"offset":[0.5,-0.5],"originalSize":[186,69],"capInsets":[0,0,0,0]}},{"__type__":"cc.SpriteFrame","content":{"name":"bg@2x(2)","texture":"bdvnaj5CdAY582fFbbxbFs","rect":[10,11,176,60],"offset":[-0.5,-1.5],"originalSize":[197,79],"capInsets":[0,0,0,0]}},[{"__type__":"cc.Prefab","_name":"IncomeDetails_Item","data":{"__id__":1}},{"__type__":"cc.Node","_name":"IncomeDetails_Item","_children":[{"__id__":2},{"__id__":3},{"__id__":4},{"__id__":6},{"__id__":8},{"__id__":10}],"_components":[{"__type__":"cc.Sprite","node":{"__id__":1},"_materials":[{"__uuid__":"ecpdLyjvZBwrvm+cedCcQy"}]},{"__type__":"2a859WuBEhOBaZT649ZWoWl","node":{"__id__":1},"label_name":{"__id__":7},"label_time":{"__id__":5},"label_pic":{"__id__":9}}],"_prefab":{"__type__":"cc.PrefabInfo","root":{"__id__":1},"asset":{"__uuid__":"ff8kFMr1hBpZq0kXJDx9RS"},"fileId":"edoAgxzatFFKSsH4HcOudz"},"_contentSize":{"__type__":"cc.Size","width":650,"height":80},"_trs":{"__type__":"TypedArray","ctor":"Float64Array","array":[-20.629,-241.05,0,0,0,0,1,1,1,1]}},{"__type__":"cc.Node","_name":"bg","_parent":{"__id__":1},"_components":[{"__type__":"cc.Sprite","node":{"__id__":2},"_materials":[{"__uuid__":"ecpdLyjvZBwrvm+cedCcQy"}],"_spriteFrame":{"__uuid__":"25gJ6zY+JM+6F7K39QQy8j"},"_sizeMode":0}],"_prefab":{"__type__":"cc.PrefabInfo","root":{"__id__":1},"asset":{"__uuid__":"ff8kFMr1hBpZq0kXJDx9RS"},"fileId":"1aO4JKbHpPwqa1xtjSyYjB"},"_contentSize":{"__type__":"cc.Size","width":650,"height":80},"_trs":{"__type__":"TypedArray","ctor":"Float64Array","array":[0,0,0,0,0,0,1,1,1,1]}},{"__type__":"cc.Node","_name":"icon_name","_parent":{"__id__":1},"_active":false,"_components":[{"__type__":"cc.Sprite","node":{"__id__":3},"_materials":[{"__uuid__":"ecpdLyjvZBwrvm+cedCcQy"}],"_spriteFrame":{"__uuid__":"30p7N47bdCfpV8mTWM24+/"},"_sizeMode":0}],"_prefab":{"__type__":"cc.PrefabInfo","root":{"__id__":1},"asset":{"__uuid__":"ff8kFMr1hBpZq0kXJDx9RS"},"fileId":"e17IM5R6hM6LCKbwRpKK8b"},"_contentSize":{"__type__":"cc.Size","width":180,"height":107},"_trs":{"__type__":"TypedArray","ctor":"Float64Array","array":[-7.062,132.352,0,0,0,0,1,1,1,1]}},{"__type__":"cc.Node","_name":"label_time","_parent":{"__id__":1},"_components":[{"__id__":5}],"_prefab":{"__type__":"cc.PrefabInfo","root":{"__id__":1},"asset":{"__uuid__":"ff8kFMr1hBpZq0kXJDx9RS"},"fileId":"5b4BvQvGhPdIc2jmZ16E4Z"},"_color":{"__type__":"cc.Color","r":201,"g":170,"b":136},"_contentSize":{"__type__":"cc.Size","width":187.71,"height":37.8},"_anchorPoint":{"__type__":"cc.Vec2","y":0.5},"_trs":{"__type__":"TypedArray","ctor":"Float64Array","array":[-89,-2,0,0,0,0,1,1,1,1]}},{"__type__":"cc.Label","node":{"__id__":4},"_materials":[{"__uuid__":"ecpdLyjvZBwrvm+cedCcQy"}],"_useOriginalSize":false,"_string":"2021-11-03 04:15","_N$string":"2021-11-03 04:15","_fontSize":24,"_lineHeight":30,"_N$horizontalAlign":1,"_N$verticalAlign":1},{"__type__":"cc.Node","_name":"label_menpiao","_parent":{"__id__":1},"_components":[{"__id__":7}],"_prefab":{"__type__":"cc.PrefabInfo","root":{"__id__":1},"asset":{"__uuid__":"ff8kFMr1hBpZq0kXJDx9RS"},"fileId":"481jcnmW1OYoifT7vU3jP1"},"_color":{"__type__":"cc.Color","r":149,"g":89,"b":66},"_contentSize":{"__type__":"cc.Size","width":126.67,"height":37.8},"_anchorPoint":{"__type__":"cc.Vec2","y":0.5},"_trs":{"__type__":"TypedArray","ctor":"Float64Array","array":[-297,-2,0,0,0,0,1,1,1,1]}},{"__type__":"cc.Label","node":{"__id__":6},"_materials":[{"__uuid__":"ecpdLyjvZBwrvm+cedCcQy"}],"_useOriginalSize":false,"_string":"场次:顶级场","_N$string":"场次:顶级场","_fontSize":24,"_lineHeight":30,"_N$horizontalAlign":1,"_N$verticalAlign":1},{"__type__":"cc.Node","_name":"label_time","_parent":{"__id__":1},"_components":[{"__id__":9}],"_prefab":{"__type__":"cc.PrefabInfo","root":{"__id__":1},"asset":{"__uuid__":"ff8kFMr1hBpZq0kXJDx9RS"},"fileId":"35rlFTTcxPuYzC2L8QrOzw"},"_color":{"__type__":"cc.Color","r":149,"g":89,"b":66},"_contentSize":{"__type__":"cc.Size","width":79.17,"height":37.8},"_anchorPoint":{"__type__":"cc.Vec2","x":1},"_trs":{"__type__":"TypedArray","ctor":"Float64Array","array":[306,-21,0,0,0,0,1,1,1,1]}},{"__type__":"cc.Label","node":{"__id__":8},"_materials":[{"__uuid__":"ecpdLyjvZBwrvm+cedCcQy"}],"_useOriginalSize":false,"_string":"-111111","_N$string":"-111111","_fontSize":24,"_lineHeight":30,"_N$horizontalAlign":1,"_N$verticalAlign":1},{"__type__":"cc.Node","_name":"btn_buy","_parent":{"__id__":1},"_children":[{"__id__":11},{"__id__":12}],"_active":false,"_components":[{"__type__":"cc.Sprite","node":{"__id__":10},"_materials":[{"__uuid__":"ecpdLyjvZBwrvm+cedCcQy"}],"_spriteFrame":{"__uuid__":"7dFDYDmx5Bd4NP02Gsw8p2"},"_sizeMode":0},{"__type__":"cc.Button","node":{"__id__":10},"_normalMaterial":{"__uuid__":"ecpdLyjvZBwrvm+cedCcQy"},"zoomScale":0.9,"clickEvents":[{"__type__":"cc.ClickEvent","target":{"__id__":1},"_componentId":"fabe4c4MbhMSoihtJT7rMs9","handler":"buy"}],"_N$transition":3,"transition":3}],"_prefab":{"__type__":"cc.PrefabInfo","root":{"__id__":1},"asset":{"__uuid__":"ff8kFMr1hBpZq0kXJDx9RS"},"fileId":"9e0AlFCOBEE6jDtWoy94gE"},"_opacity":0,"_contentSize":{"__type__":"cc.Size","width":310,"height":40},"_trs":{"__type__":"TypedArray","ctor":"Float64Array","array":[-96.849,-126.718,0,0,0,0,1,1,1,1]}},{"__type__":"cc.Node","_name":"diamond@2x","_parent":{"__id__":10},"_active":false,"_components":[{"__type__":"cc.Sprite","node":{"__id__":11},"_materials":[{"__uuid__":"ecpdLyjvZBwrvm+cedCcQy"}],"_spriteFrame":{"__uuid__":"2aUZQvkPRJJ56iDlgmmmiu"}}],"_prefab":{"__type__":"cc.PrefabInfo","root":{"__id__":1},"asset":{"__uuid__":"ff8kFMr1hBpZq0kXJDx9RS"},"fileId":"7a1SIrKypHR6ss7LvgSH3n"},"_contentSize":{"__type__":"cc.Size","width":57,"height":55},"_trs":{"__type__":"TypedArray","ctor":"Float64Array","array":[58,0,0,0,0,0,1,0.75,0.75,1]}},{"__type__":"cc.Node","_name":"label_fee","_parent":{"__id__":10},"_active":false,"_components":[{"__type__":"cc.Label","node":{"__id__":12},"_materials":[{"__uuid__":"ecpdLyjvZBwrvm+cedCcQy"}],"_useOriginalSize":false,"_string":"30","_N$string":"30","_fontSize":30,"_lineHeight":35,"_N$horizontalAlign":1,"_N$verticalAlign":1}],"_prefab":{"__type__":"cc.PrefabInfo","root":{"__id__":1},"asset":{"__uuid__":"ff8kFMr1hBpZq0kXJDx9RS"},"fileId":"1bDDBK3KJJibJjeN7IOO9n"},"_color":{"__type__":"cc.Color","r":17,"g":110,"b":57},"_contentSize":{"__type__":"cc.Size","width":33.37,"height":44.1},"_trs":{"__type__":"TypedArray","ctor":"Float64Array","array":[-13,0,0,0,0,0,1,1,1,1]}}]]