[{"__type__":"cc.SpriteFrame","content":{"name":"圆角矩形 2@2x","texture":"f6aldwjEFMhoZ7uiovLLs2","rect":[0,1382,1154,180],"offset":[0,0],"originalSize":[1154,180],"capInsets":[0,0,0,0]}},{"__type__":"cc.SpriteFrame","content":{"name":"icon_2","texture":"f6aldwjEFMhoZ7uiovLLs2","rect":[1222,0,200,200],"offset":[0,0],"originalSize":[200,200],"capInsets":[0,0,0,0]}},[{"__type__":"cc.Prefab","_name":"EmailItem","data":{"__id__":1}},{"__type__":"cc.Node","_name":"EmailItem","_children":[{"__id__":2},{"__id__":3},{"__id__":4},{"__id__":5}],"_components":[{"__type__":"cc.Sprite","node":{"__id__":1},"_materials":[{"__uuid__":"ecpdLyjvZBwrvm+cedCcQy"}],"_spriteFrame":{"__uuid__":"09V1Bb+cFPvY/OS85hiWXk"},"_sizeMode":0},{"__type__":"cc.Button","node":{"__id__":1},"zoomScale":0.95,"_N$transition":3,"transition":3},{"__type__":"8ca7dPw7P9EXoSRflkuBeGi","node":{"__id__":1}}],"_prefab":{"__type__":"cc.PrefabInfo","root":{"__id__":1},"asset":{"__uuid__":"ecl75OEa5CMJbPYSt/Sspz"},"fileId":"fcXBub3bpOn48Bx1qv+mBw"},"_contentSize":{"__type__":"cc.Size","width":704,"height":180},"_trs":{"__type__":"TypedArray","ctor":"Float64Array","array":[0,-90,0,0,0,0,1,1,1,1]}},{"__type__":"cc.Node","_name":"icon_2","_parent":{"__id__":1},"_components":[{"__type__":"cc.Sprite","node":{"__id__":2},"_materials":[{"__uuid__":"ecpdLyjvZBwrvm+cedCcQy"}],"_spriteFrame":{"__uuid__":"5dZ/YnUZ5Mj6knbBnAwi5U"},"_sizeMode":0}],"_prefab":{"__type__":"cc.PrefabInfo","root":{"__id__":1},"asset":{"__uuid__":"ecl75OEa5CMJbPYSt/Sspz"},"fileId":"6czSMF41VELppYziMKb1wI"},"_contentSize":{"__type__":"cc.Size","width":115.3333333,"height":90},"_trs":{"__type__":"TypedArray","ctor":"Float64Array","array":[-269.7760009765625,0,0,0,0,0,1,1,1,1]}},{"__type__":"cc.Node","_name":"Title","_parent":{"__id__":1},"_components":[{"__type__":"cc.Label","node":{"__id__":3},"_materials":[{"__uuid__":"ecpdLyjvZBwrvm+cedCcQy"}],"_useOriginalSize":false,"_string":"邮件标题","_N$string":"邮件标题","_fontSize":35,"_N$overflow":1}],"_prefab":{"__type__":"cc.PrefabInfo","root":{"__id__":1},"asset":{"__uuid__":"ecl75OEa5CMJbPYSt/Sspz"},"fileId":"f2HWVZZs9L47SV0SMgJgXO"},"_contentSize":{"__type__":"cc.Size","width":420,"height":40},"_anchorPoint":{"__type__":"cc.Vec2","y":0.5},"_trs":{"__type__":"TypedArray","ctor":"Float64Array","array":[-186,36.87699890136719,0,0,0,0,1,1,1,1]}},{"__type__":"cc.Node","_name":"Time","_parent":{"__id__":1},"_components":[{"__type__":"cc.Label","node":{"__id__":4},"_materials":[{"__uuid__":"ecpdLyjvZBwrvm+cedCcQy"}],"_useOriginalSize":false,"_fontSize":35,"_lineHeight":45,"_N$verticalAlign":1,"_N$overflow":1}],"_prefab":{"__type__":"cc.PrefabInfo","root":{"__id__":1},"asset":{"__uuid__":"ecl75OEa5CMJbPYSt/Sspz"},"fileId":"be4lSMIfdCYLQ5TInUiGFK"},"_contentSize":{"__type__":"cc.Size","width":420,"height":50.4},"_anchorPoint":{"__type__":"cc.Vec2","y":0.5},"_trs":{"__type__":"TypedArray","ctor":"Float64Array","array":[-186,-32.53799819946289,0,0,0,0,1,1,1,1]}},{"__type__":"cc.Node","_name":"Tag","_parent":{"__id__":1},"_components":[{"__type__":"cc.Label","node":{"__id__":5},"_materials":[{"__uuid__":"ecpdLyjvZBwrvm+cedCcQy"}],"_useOriginalSize":false,"_fontSize":35,"_N$horizontalAlign":1,"_N$verticalAlign":1}],"_prefab":{"__type__":"cc.PrefabInfo","root":{"__id__":1},"asset":{"__uuid__":"ecl75OEa5CMJbPYSt/Sspz"},"fileId":"6by/vTiq5NYbWsD8UE3Re6"},"_contentSize":{"__type__":"cc.Size","height":50.4},"_trs":{"__type__":"TypedArray","ctor":"Float64Array","array":[286.6099853515625,0,0,0,0,0,1,1,1,1]}}]]