[{"__type__":"cc.SpriteFrame","content":{"name":"图层 14@2x","texture":"b0GhJQhv1OxJRPjau5wpF2","rect":[791,65,122,112],"offset":[0,0],"originalSize":[122,112],"capInsets":[0,0,0,0]}},{"__type__":"cc.SpriteFrame","content":{"name":"图层 9@2x","texture":"b0GhJQhv1OxJRPjau5wpF2","rect":[114,177,156,118],"offset":[0,0],"originalSize":[156,118],"capInsets":[0,0,0,0]}},{"__type__":"cc.AnimationClip","_name":"huangche","_duration":10.016666666666667,"wrapMode":2,"curveData":{"props":{"position":[{"frame":0,"value":[635.35302734375,-1334.240966796875,0]},{"frame":5,"value":[-430.47198486328125,-587.9400024414062,0]},{"frame":10,"value":[-1848.572021484375,-1533.9219970703125,0]}]},"comps":{"cc.Sprite":{"spriteFrame":[{"frame":0,"value":{"__uuid__":"22Mq/tEOtK65s7XRDsGDro"}},{"frame":5,"value":{"__uuid__":"10g06ugF5IWbKmHBD3w+kW"}},{"frame":10,"value":{"__uuid__":"10g06ugF5IWbKmHBD3w+kW"}}]}}}}]