[{"__type__":"cc.SpriteFrame","content":{"name":"treasureBox","texture":"f6aldwjEFMhoZ7uiovLLs2","rect":[0,232,431,425],"offset":[0,0],"originalSize":[431,425],"capInsets":[0,0,0,0]}},[{"__type__":"cc.Prefab","_name":"treasureBox","data":{"__id__":1}},{"__type__":"cc.Node","_name":"treasureBox","_components":[{"__type__":"cc.Sprite","node":{"__id__":1},"_materials":[{"__uuid__":"ecpdLyjvZBwrvm+cedCcQy"}],"_spriteFrame":{"__uuid__":"335l2pvWBKzp2CPPUaV0Sx"}},{"__type__":"cc.Animation","node":{"__id__":1},"_defaultClip":{"__uuid__":"77noWgRQpGSJWPVQ4eSlns"},"_clips":[{"__uuid__":"77noWgRQpGSJWPVQ4eSlns"}],"playOnLoad":true},{"__type__":"0b9c7AIRBtASbRJbSeNesU2","node":{"__id__":1}}],"_prefab":{"__type__":"cc.PrefabInfo","root":{"__id__":1},"asset":{"__uuid__":"5foxYN6cFAAZ7otwgXNZyA"},"fileId":"0fCYKLFRhEfLv4CsFwr+9r"},"_contentSize":{"__type__":"cc.Size","width":431,"height":425},"_trs":{"__type__":"TypedArray","ctor":"Float64Array","array":[187,-200,0,0,0,0,1,1,1,1]}}]]