[{"__type__":"cc.SpriteFrame","content":{"name":"4","texture":"d2QXy3YkdBmYZVAn5Jy9Ng","rect":[172,218,125,71],"offset":[-15.5,-3.5],"originalSize":[500,500],"capInsets":[0,0,0,0]}},{"__type__":"cc.SpriteFrame","content":{"name":"1","texture":"d5W2tTUsBPPasvDeRy2EjZ","rect":[183,216,142,59],"offset":[4,4.5],"originalSize":[500,500],"capInsets":[0,0,0,0]}},{"__type__":"cc.SpriteFrame","content":{"name":"8","texture":"3f9fb2wgpGq55ZIO27B0y1","rect":[198,200,124,87],"offset":[10,6.5],"originalSize":[500,500],"capInsets":[0,0,0,0]}},{"__type__":"cc.SpriteFrame","content":{"name":"3","texture":"881MrNLYhBrI2PRVNtTIJr","rect":[212,215,65,77],"offset":[-5.5,-3.5],"originalSize":[500,500],"capInsets":[0,0,0,0]}},{"__type__":"cc.AnimationClip","_name":"hongche","_duration":13.016666666666667,"speed":2,"wrapMode":2,"curveData":{"props":{"position":[{"frame":0,"value":[521.552978515625,-494.1310119628906,0]},{"frame":1.3333333333333333,"value":[715.2429809570312,-358.322998046875,0]},{"frame":2,"value":[838.4869995117188,-357.9320068359375,0]},{"frame":6.333333333333333,"value":[1505.81005859375,-752.1749877929688,0]},{"frame":7,"value":[1540.4200439453125,-908.0689697265625,0]},{"frame":8.333333333333334,"value":[1397.989013671875,-1034.8900146484375,0]},{"frame":9,"value":[1263.81005859375,-1046.27197265625,0]},{"frame":12.333333333333334,"value":[547.198974609375,-578.6380004882812,0]},{"frame":13,"value":[522.9550170898438,-494.50799560546875,0]}]},"comps":{"cc.Sprite":{"spriteFrame":[{"frame":0,"value":{"__uuid__":"01R3khS1tPu6r8CuS47dgM"}},{"frame":1.3333333333333333,"value":{"__uuid__":"fa/b63GjlDXIGdqBktO3fr"}},{"frame":2,"value":{"__uuid__":"f0aBZ8eJ5FlLHAUBciTYUU"}},{"frame":6.333333333333333,"value":{"__uuid__":"cebPFgZB9C0oYq7eaqGV2r"}},{"frame":7,"value":{"__uuid__":"46FwX6T9FAEb9r4t0Vxs/a"}},{"frame":8.333333333333334,"value":{"__uuid__":"16v19Sc/pESKuQkjzqjBpD"}},{"frame":9,"value":{"__uuid__":"b3rimf+PZDjo43C97wgMDk"}},{"frame":12.333333333333334,"value":{"__uuid__":"53AULrNGRNxLSLkRNLwVu9"}},{"frame":13,"value":{"__uuid__":"01R3khS1tPu6r8CuS47dgM"}}]}}}},{"__type__":"cc.SpriteFrame","content":{"name":"2","texture":"54JxV5BYBDo5urdA6K1YrK","rect":[194,222,126,71],"offset":[7,-7.5],"originalSize":[500,500],"capInsets":[0,0,0,0]}},{"__type__":"cc.SpriteFrame","content":{"name":"7","texture":"8dX+IguHZC95UgF7VpmiPN","rect":[226,197,60,95],"offset":[6,5.5],"originalSize":[500,500],"capInsets":[0,0,0,0]}},{"__type__":"cc.SpriteFrame","content":{"name":"6","texture":"69Jbsx3RhGCaiBMvPlnX93","rect":[186,196,125,87],"offset":[-1.5,10.5],"originalSize":[500,500],"capInsets":[0,0,0,0]}},{"__type__":"cc.SpriteFrame","content":{"name":"5","texture":"1d1Jd6wVRDkoMJL0s0lbMP","rect":[175,211,142,58],"offset":[-4,10],"originalSize":[500,500],"capInsets":[0,0,0,0]}}]