[[{"__type__":"cc.Prefab","_name":"XHP_item","data":{"__id__":1}},{"__type__":"cc.Node","_name":"XHP_item","_children":[{"__id__":2},{"__id__":3},{"__id__":5},{"__id__":9},{"__id__":11}],"_components":[{"__type__":"cc.Sprite","node":{"__id__":1},"_materials":[{"__uuid__":"ecpdLyjvZBwrvm+cedCcQy"}],"_spriteFrame":{"__uuid__":"a64ylTIWNHXIlLlIY3S4pM"}},{"__type__":"79b2c5S0rtF/b9iqAvobfnB","node":{"__id__":1},"icon_pic":{"__id__":4},"label_name":{"__id__":10},"label_prop":{"__id__":12},"label_fee":{"__id__":8}}],"_prefab":{"__type__":"cc.PrefabInfo","root":{"__id__":1},"asset":{"__uuid__":"05FE2QbxpBJKzd3Cr0MUsN"},"fileId":"0aVDYEKDZAz5C+MCmrJs/1"},"_contentSize":{"__type__":"cc.Size","width":280,"height":420},"_trs":{"__type__":"TypedArray","ctor":"Float64Array","array":[-475,-210,0,0,0,0,1,1,1,1]}},{"__type__":"cc.Node","_name":"icon_bottom","_parent":{"__id__":1},"_components":[{"__type__":"cc.Sprite","node":{"__id__":2},"_materials":[{"__uuid__":"ecpdLyjvZBwrvm+cedCcQy"}],"_spriteFrame":{"__uuid__":"40NB3bCWhHW5O/9IsDpiwe"}}],"_prefab":{"__type__":"cc.PrefabInfo","root":{"__id__":1},"asset":{"__uuid__":"05FE2QbxpBJKzd3Cr0MUsN"},"fileId":"14MfoAuOVI7JrmeGC6SKgY"},"_contentSize":{"__type__":"cc.Size","width":168,"height":159},"_trs":{"__type__":"TypedArray","ctor":"Float64Array","array":[0,25.102,0,0,0,0,1,1,1,1]}},{"__type__":"cc.Node","_name":"icon_pic","_parent":{"__id__":1},"_components":[{"__id__":4}],"_prefab":{"__type__":"cc.PrefabInfo","root":{"__id__":1},"asset":{"__uuid__":"05FE2QbxpBJKzd3Cr0MUsN"},"fileId":"5fHW47ZPRN7ouXXSiy1IWE"},"_contentSize":{"__type__":"cc.Size","width":159,"height":224},"_trs":{"__type__":"TypedArray","ctor":"Float64Array","array":[0,25.102,0,0,0,0,1,1,1,1]}},{"__type__":"cc.Sprite","node":{"__id__":3},"_materials":[{"__uuid__":"ecpdLyjvZBwrvm+cedCcQy"}],"_spriteFrame":{"__uuid__":"2fZL7FgvtJ9pN81AoG7cbN"}},{"__type__":"cc.Node","_name":"btn_buy","_parent":{"__id__":1},"_children":[{"__id__":6},{"__id__":7}],"_components":[{"__type__":"cc.Sprite","node":{"__id__":5},"_materials":[{"__uuid__":"ecpdLyjvZBwrvm+cedCcQy"}],"_spriteFrame":{"__uuid__":"7dFDYDmx5Bd4NP02Gsw8p2"},"_sizeMode":0},{"__type__":"cc.Button","node":{"__id__":5},"_normalMaterial":{"__uuid__":"ecpdLyjvZBwrvm+cedCcQy"},"zoomScale":0.9,"clickEvents":[{"__type__":"cc.ClickEvent","target":{"__id__":1},"_componentId":"79b2c5S0rtF/b9iqAvobfnB","handler":"buy"}],"_N$transition":3,"transition":3}],"_prefab":{"__type__":"cc.PrefabInfo","root":{"__id__":1},"asset":{"__uuid__":"05FE2QbxpBJKzd3Cr0MUsN"},"fileId":"31AnaGNx5EzYZjxeFUMD1H"},"_contentSize":{"__type__":"cc.Size","width":216,"height":60},"_trs":{"__type__":"TypedArray","ctor":"Float64Array","array":[0,-166.301,0,0,0,0,1,1,1,1]}},{"__type__":"cc.Node","_name":"diamond@2x","_parent":{"__id__":5},"_components":[{"__type__":"cc.Sprite","node":{"__id__":6},"_materials":[{"__uuid__":"ecpdLyjvZBwrvm+cedCcQy"}],"_spriteFrame":{"__uuid__":"64IvCgAq9Lsrnp73xziTUE"}}],"_prefab":{"__type__":"cc.PrefabInfo","root":{"__id__":1},"asset":{"__uuid__":"05FE2QbxpBJKzd3Cr0MUsN"},"fileId":"5dPLqHOCNJG66Cxc9mA5jn"},"_contentSize":{"__type__":"cc.Size","width":57,"height":55},"_trs":{"__type__":"TypedArray","ctor":"Float64Array","array":[75.565,0.732,0,0,0,0,1,0.75,0.75,1]}},{"__type__":"cc.Node","_name":"label_fee","_parent":{"__id__":5},"_components":[{"__id__":8}],"_prefab":{"__type__":"cc.PrefabInfo","root":{"__id__":1},"asset":{"__uuid__":"05FE2QbxpBJKzd3Cr0MUsN"},"fileId":"30CvkJamRB+o7LsHL7ZDgS"},"_color":{"__type__":"cc.Color","r":17,"g":110,"b":57},"_contentSize":{"__type__":"cc.Size","width":76.46,"height":37.8},"_trs":{"__type__":"TypedArray","ctor":"Float64Array","array":[-15.196,0.732,0,0,0,0,1,1,1,1]}},{"__type__":"cc.Label","node":{"__id__":7},"_materials":[{"__uuid__":"ecpdLyjvZBwrvm+cedCcQy"}],"_useOriginalSize":false,"_string":"1.0000","_N$string":"1.0000","_fontSize":25,"_lineHeight":30,"_N$horizontalAlign":1,"_N$verticalAlign":1},{"__type__":"cc.Node","_name":"label_name","_parent":{"__id__":1},"_components":[{"__id__":10},{"__type__":"cc.LabelOutline","node":{"__id__":9},"_width":2}],"_prefab":{"__type__":"cc.PrefabInfo","root":{"__id__":1},"asset":{"__uuid__":"05FE2QbxpBJKzd3Cr0MUsN"},"fileId":"cbvGdzZjBC1aAfXcOI/5m0"},"_color":{"__type__":"cc.Color","r":248,"g":145,"b":1},"_contentSize":{"__type__":"cc.Size","width":104,"height":41.8},"_trs":{"__type__":"TypedArray","ctor":"Float64Array","array":[0,185.128,0,0,0,0,1,1,1,1]}},{"__type__":"cc.Label","node":{"__id__":9},"_materials":[{"__uuid__":"ecpdLyjvZBwrvm+cedCcQy"}],"_useOriginalSize":false,"_string":"体力药水","_N$string":"体力药水","_fontSize":25,"_lineHeight":30,"_N$horizontalAlign":1,"_N$verticalAlign":1},{"__type__":"cc.Node","_name":"label_prop","_parent":{"__id__":1},"_components":[{"__id__":12},{"__type__":"cc.LabelOutline","node":{"__id__":11},"_width":1.5}],"_prefab":{"__type__":"cc.PrefabInfo","root":{"__id__":1},"asset":{"__uuid__":"05FE2QbxpBJKzd3Cr0MUsN"},"fileId":"59Wk4xMYxFo5MjmeVQeGh8"},"_color":{"__type__":"cc.Color","r":149,"g":89,"b":66},"_contentSize":{"__type__":"cc.Size","width":76.6,"height":40.8},"_trs":{"__type__":"TypedArray","ctor":"Float64Array","array":[-92.564,-94.133,0,0,0,0,1,1,1,1]}},{"__type__":"cc.Label","node":{"__id__":11},"_materials":[{"__uuid__":"ecpdLyjvZBwrvm+cedCcQy"}],"_useOriginalSize":false,"_string":"体力:1","_N$string":"体力:1","_fontSize":23,"_lineHeight":30,"_N$file":{"__uuid__":"66+mxSvtpMeYNrycOYYnVm"},"_isSystemFontUsed":false,"_N$horizontalAlign":1,"_N$verticalAlign":1}],{"__type__":"cc.SpriteFrame","content":{"name":"Health Potion@2x","texture":"14GdnuxxBEMZnbG2u0q6Sj","rect":[12,0,159,224],"offset":[-1.5,6],"originalSize":[186,236],"capInsets":[0,0,0,0]}},{"__type__":"cc.SpriteFrame","content":{"name":"bg@2x(1)","texture":"71oWIQkm5CGpLLTmaVvN8k","rect":[14,25,168,159],"offset":[0,-2.5],"originalSize":[196,204],"capInsets":[0,0,0,0]}},{"__type__":"cc.SpriteFrame","content":{"name":"diamond@2x","texture":"01c6gaIo5MabnoRhUmELt9","rect":[0,0,57,55],"offset":[0,0],"originalSize":[57,55],"capInsets":[0,0,0,0]}},{"__type__":"cc.SpriteFrame","content":{"name":"bg@2x(2)","texture":"bdvnaj5CdAY582fFbbxbFs","rect":[10,11,176,60],"offset":[-0.5,-1.5],"originalSize":[197,79],"capInsets":[0,0,0,0]}},{"__type__":"cc.SpriteFrame","content":{"name":"bg@2x","texture":"1fggSGAsZCkIwuOqqrTxV4","rect":[0,0,280,420],"offset":[0,0],"originalSize":[280,420],"capInsets":[0,0,0,0]}}]