[{"__type__":"cc.SpriteFrame","content":{"name":"股票兑换","texture":"b0GhJQhv1OxJRPjau5wpF2","rect":[625,1322,252,319],"offset":[0,0],"originalSize":[252,319],"capInsets":[0,0,0,0]}},{"__type__":"cc.SpriteFrame","content":{"name":"图层 28@2x","texture":"b0GhJQhv1OxJRPjau5wpF2","rect":[458,0,66,54],"offset":[0,0],"originalSize":[66,54],"capInsets":[0,0,0,0]}},{"__type__":"cc.SpriteFrame","content":{"name":"图层 18@2x","texture":"b0GhJQhv1OxJRPjau5wpF2","rect":[817,0,122,65],"offset":[0,0],"originalSize":[122,65],"capInsets":[0,0,0,0]}},{"__type__":"cc.SpriteFrame","content":{"name":"图层 14@2x","texture":"b0GhJQhv1OxJRPjau5wpF2","rect":[791,65,122,112],"offset":[0,0],"originalSize":[122,112],"capInsets":[0,0,0,0]}},{"__type__":"cc.SpriteFrame","content":{"name":"hongche2","texture":"b0GhJQhv1OxJRPjau5wpF2","rect":[432,177,166,132],"offset":[0,0],"originalSize":[166,132],"capInsets":[0,0,0,0]}},{"__type__":"cc.SpriteFrame","content":{"name":"hongche","texture":"b0GhJQhv1OxJRPjau5wpF2","rect":[270,177,162,126],"offset":[0,0],"originalSize":[162,126],"capInsets":[0,0,0,0]}},{"__type__":"cc.SpriteFrame","content":{"name":"图层 19@2x","texture":"b0GhJQhv1OxJRPjau5wpF2","rect":[0,65,70,65],"offset":[0,0],"originalSize":[70,65],"capInsets":[0,0,0,0]}},{"__type__":"cc.SpriteFrame","content":{"name":"图层 12@2x","texture":"b0GhJQhv1OxJRPjau5wpF2","rect":[649,65,142,110],"offset":[0,0],"originalSize":[142,110],"capInsets":[0,0,0,0]}},{"__type__":"cc.SpriteFrame","content":{"name":"组 1 拷贝 2","texture":"b0GhJQhv1OxJRPjau5wpF2","rect":[0,177,114,117],"offset":[0,0],"originalSize":[114,117],"capInsets":[0,0,0,0]}},{"__type__":"cc.SpriteFrame","content":{"name":"图层 9@2x","texture":"b0GhJQhv1OxJRPjau5wpF2","rect":[114,177,156,118],"offset":[0,0],"originalSize":[156,118],"capInsets":[0,0,0,0]}},{"__type__":"cc.SpriteFrame","content":{"name":"图层 13@2x","texture":"b0GhJQhv1OxJRPjau5wpF2","rect":[517,65,132,110],"offset":[0,0],"originalSize":[132,110],"capInsets":[0,0,0,0]}},{"__type__":"cc.SpriteFrame","content":{"name":"图层 29@2x","texture":"b0GhJQhv1OxJRPjau5wpF2","rect":[615,0,35,58],"offset":[0,0],"originalSize":[35,58],"capInsets":[0,0,0,0]}},{"__type__":"cc.SpriteFrame","content":{"name":"购物中心","texture":"b0GhJQhv1OxJRPjau5wpF2","rect":[528,526,425,245],"offset":[0,0],"originalSize":[425,245],"capInsets":[0,0,0,0]}},{"__type__":"cc.SpriteFrame","content":{"name":"农场","texture":"b0GhJQhv1OxJRPjau5wpF2","rect":[0,1031,275,278],"offset":[0,0],"originalSize":[275,278],"capInsets":[0,0,0,0]}},{"__type__":"cc.SpriteFrame","content":{"name":"建筑","texture":"b0GhJQhv1OxJRPjau5wpF2","rect":[70,65,126,86],"offset":[0,0],"originalSize":[126,86],"capInsets":[0,0,0,0]}},{"__type__":"cc.SpriteFrame","content":{"name":"图层 27@2x","texture":"b0GhJQhv1OxJRPjau5wpF2","rect":[0,312,224,147],"offset":[0,0],"originalSize":[224,147],"capInsets":[0,0,0,0]}},{"__type__":"cc.SpriteFrame","content":{"name":"图层 26@2x","texture":"b0GhJQhv1OxJRPjau5wpF2","rect":[196,65,98,86],"offset":[0,0],"originalSize":[98,86],"capInsets":[0,0,0,0]}},{"__type__":"cc.SpriteFrame","content":{"name":"庄园","texture":"b0GhJQhv1OxJRPjau5wpF2","rect":[224,312,289,200],"offset":[0,0],"originalSize":[289,200],"capInsets":[0,0,0,0]}},{"__type__":"cc.SpriteFrame","content":{"name":"图层 24","texture":"b0GhJQhv1OxJRPjau5wpF2","rect":[598,177,176,135],"offset":[0,0],"originalSize":[176,135],"capInsets":[0,0,0,0]}},{"__type__":"cc.SpriteFrame","content":{"name":"组 4","texture":"b0GhJQhv1OxJRPjau5wpF2","rect":[168,0,239,48],"offset":[0,0],"originalSize":[239,48],"capInsets":[31,13,32,12]}},{"__type__":"cc.SpriteFrame","content":{"name":"交易大厅","texture":"b0GhJQhv1OxJRPjau5wpF2","rect":[625,1031,257,291],"offset":[0,0],"originalSize":[257,291],"capInsets":[0,0,0,0]}},{"__type__":"cc.SpriteFrame","content":{"name":"图层 21@2x","texture":"b0GhJQhv1OxJRPjau5wpF2","rect":[51,0,67,42],"offset":[0,0],"originalSize":[67,42],"capInsets":[0,0,0,0]}},{"__type__":"cc.SpriteFrame","content":{"name":"chuan1","texture":"b0GhJQhv1OxJRPjau5wpF2","rect":[569,771,357,260],"offset":[0,0],"originalSize":[357,260],"capInsets":[0,0,0,0]}},{"__type__":"cc.SpriteAtlas","_name":"daChangJin.plist","_spriteFrames":{"chuan1":{"__uuid__":"8fvbV2DtRJi7xX9Y1Eos8t"},"chuan2":{"__uuid__":"d9dR3LnWRNYLqq9MRTmUY4"},"feiji":{"__uuid__":"f567WOwG1ACLc1WbhuA0eI"},"hongche":{"__uuid__":"179QXvlgRIz4N9yFfVVP0j"},"hongche2":{"__uuid__":"15REt536BCsaF2EayUjFix"},"交易大厅":{"__uuid__":"842KKjQQpJjLKHDCAuinIP"},"农场":{"__uuid__":"4bEoLWts9NpKDJwgMPIz1C"},"图层 12@2x":{"__uuid__":"1cPJsfZwtAP7XxeV8j1kSR"},"图层 13@2x":{"__uuid__":"23WVsWQR5B3JTRS74Ixfbm"},"图层 14@2x":{"__uuid__":"10g06ugF5IWbKmHBD3w+kW"},"图层 18@2x":{"__uuid__":"0fgKKbQdZISJ2AI+BWtIL6"},"图层 19@2x":{"__uuid__":"19phOloSZN4JXeqCH5lOP6"},"图层 20@2x":{"__uuid__":"ca22sFlo9PnZ4PLbLf3POf"},"图层 21@2x":{"__uuid__":"8cFZPH//ZAK74iowPwE5J4"},"图层 22@2x":{"__uuid__":"e1EcUpi1BOPp/Eo8eyL3pK"},"图层 23":{"__uuid__":"bbabCBv3NMzK+Lts/KIe1Y"},"图层 23@2x":{"__uuid__":"eeK6jbYTpNNp7++aK3nnI4"},"图层 24":{"__uuid__":"84BBHZOglGCIhjLWZ4RTi2"},"图层 24@2x":{"__uuid__":"ddsZKr8upGGZybL352xws8"},"图层 25@2x":{"__uuid__":"91/hTBAShNxaa0rcxRKBZT"},"图层 26@2x":{"__uuid__":"6e0PjoLMRJgZmewGglS27x"},"图层 27@2x":{"__uuid__":"6bvnjR+MxAMpUaOtfNLBTX"},"图层 28@2x":{"__uuid__":"081nyzvkRNSYQiBwLod9Oe"},"图层 29@2x":{"__uuid__":"29E7AAjBVK+4WXs0pGGeMP"},"图层 30@2x":{"__uuid__":"e9bK24boNHwLUqDS+gbQEy"},"图层 9@2x":{"__uuid__":"22Mq/tEOtK65s7XRDsGDro"},"娱乐中心":{"__uuid__":"b1UiQLhqFCNrb8M7pVISiA"},"庄园":{"__uuid__":"81niL678tJ65AWS2gHDODw"},"建筑":{"__uuid__":"51Dm6egLNNwJAwi/uEcoSF"},"港口":{"__uuid__":"aamwitVzlGT7wjK4vVjBMX"},"矿池":{"__uuid__":"9dFUB4NI9If4AK71pfHMtN"},"社群中心":{"__uuid__":"beEnZh8kdNvYVBczLxeuk+"},"租赁市场":{"__uuid__":"d7rvd+TKBGr7jj1kNiADZu"},"组 1 拷贝 2":{"__uuid__":"1dF+mnO/NHn7ZtR0I/zvEy"},"组 4":{"__uuid__":"84F5wKYC1Lt7eHyACbhIwy"},"股票兑换":{"__uuid__":"076Cci09lPf4unSTob7pE/"},"购物中心":{"__uuid__":"29pReGgU9H94c4Ex9lnRyU"},"赛车场":{"__uuid__":"ad9yDpdsBDeoSocu/bB+lL"}}},{"__type__":"cc.SpriteFrame","content":{"name":"图层 25@2x","texture":"b0GhJQhv1OxJRPjau5wpF2","rect":[411,65,106,109],"offset":[0,0],"originalSize":[106,109],"capInsets":[0,0,0,0]}},{"__type__":"cc.SpriteFrame","content":{"name":"矿池","texture":"b0GhJQhv1OxJRPjau5wpF2","rect":[0,771,291,250],"offset":[0,0],"originalSize":[291,250],"capInsets":[0,0,0,0]}},{"__type__":"cc.SpriteFrame","content":{"name":"港口","texture":"b0GhJQhv1OxJRPjau5wpF2","rect":[269,526,259,244],"offset":[0,0],"originalSize":[259,244],"capInsets":[0,0,0,0]}},{"__type__":"cc.SpriteFrame","content":{"name":"赛车场","texture":"b0GhJQhv1OxJRPjau5wpF2","rect":[0,526,269,238],"offset":[0,0],"originalSize":[269,238],"capInsets":[0,0,0,0]}},{"__type__":"cc.SpriteFrame","content":{"name":"娱乐中心","texture":"b0GhJQhv1OxJRPjau5wpF2","rect":[291,771,278,260],"offset":[0,0],"originalSize":[278,260],"capInsets":[0,0,0,0]}},{"__type__":"cc.SpriteFrame","content":{"name":"图层 23","texture":"b0GhJQhv1OxJRPjau5wpF2","rect":[524,0,91,58],"offset":[0,0],"originalSize":[91,58],"capInsets":[0,0,0,0]}},{"__type__":"cc.SpriteFrame","content":{"name":"社群中心","texture":"b0GhJQhv1OxJRPjau5wpF2","rect":[513,312,240,214],"offset":[0,0],"originalSize":[240,214],"capInsets":[0,0,0,0]}},{"__type__":"cc.SpriteFrame","content":{"name":"图层 20@2x","texture":"b0GhJQhv1OxJRPjau5wpF2","rect":[118,0,50,48],"offset":[0,0],"originalSize":[50,48],"capInsets":[0,0,0,0]}},{"__type__":"cc.SpriteFrame","content":{"name":"租赁市场","texture":"b0GhJQhv1OxJRPjau5wpF2","rect":[275,1031,350,287],"offset":[0,0],"originalSize":[350,287],"capInsets":[0,0,0,0]}},{"__type__":"cc.SpriteFrame","content":{"name":"chuan2","texture":"b0GhJQhv1OxJRPjau5wpF2","rect":[0,1322,625,313],"offset":[0,0],"originalSize":[625,313],"capInsets":[0,0,0,0]}},{"__type__":"cc.SpriteFrame","content":{"name":"图层 24@2x","texture":"b0GhJQhv1OxJRPjau5wpF2","rect":[407,0,51,51],"offset":[0,0],"originalSize":[51,51],"capInsets":[0,0,0,0]}},{"__type__":"cc.SpriteFrame","content":{"name":"图层 22@2x","texture":"b0GhJQhv1OxJRPjau5wpF2","rect":[294,65,117,105],"offset":[0,0],"originalSize":[117,105],"capInsets":[0,0,0,0]}},{"__type__":"cc.SpriteFrame","content":{"name":"图层 30@2x","texture":"b0GhJQhv1OxJRPjau5wpF2","rect":[650,0,59,60],"offset":[0,0],"originalSize":[59,60],"capInsets":[0,0,0,0]}},{"__type__":"cc.SpriteFrame","content":{"name":"图层 23@2x","texture":"b0GhJQhv1OxJRPjau5wpF2","rect":[0,0,51,37],"offset":[0,0],"originalSize":[51,37],"capInsets":[0,0,0,0]}},{"__type__":"cc.SpriteFrame","content":{"name":"feiji","texture":"b0GhJQhv1OxJRPjau5wpF2","rect":[709,0,108,61],"offset":[0,0],"originalSize":[108,61],"capInsets":[0,0,0,0]}}]