[{"__type__":"cc.SpriteFrame","content":{"name":"圆角矩形 584@2x","texture":"d0OD/k1exGxYZoRinQTWka","rect":[2,2,224,65],"offset":[0,-0.5],"originalSize":[228,68],"capInsets":[0,0,0,0]}},{"__type__":"cc.SpriteFrame","content":{"name":"bg8","texture":"8buAU5SCJExpF6ui8C1wux","rect":[3,5,310,447],"offset":[0,-2],"originalSize":[316,453],"capInsets":[0,0,0,0]}},{"__type__":"cc.SpriteFrame","content":{"name":"diamond@2x","texture":"13SC6Ri0BPgrx0RO+6Od3M","rect":[0,0,57,55],"offset":[0,0],"originalSize":[57,55],"capInsets":[0,0,0,0]}},{"__type__":"cc.SpriteFrame","content":{"name":"新手房@2x","texture":"91Kg7y+d5Pq6HaqJIw5MSy","rect":[2,2,183,66],"offset":[0.5,-0.5],"originalSize":[186,69],"capInsets":[0,0,0,0]}},{"__type__":"cc.SpriteFrame","content":{"name":"bg@2x(2)","texture":"bdvnaj5CdAY582fFbbxbFs","rect":[10,11,176,60],"offset":[-0.5,-1.5],"originalSize":[197,79],"capInsets":[0,0,0,0]}},[{"__type__":"cc.Prefab","_name":"game_item2","data":{"__id__":1}},{"__type__":"cc.Node","_name":"game_item2","_children":[{"__id__":2},{"__id__":3},{"__id__":5},{"__id__":6},{"__id__":8},{"__id__":9},{"__id__":11},{"__id__":13}],"_components":[{"__type__":"cc.Sprite","node":{"__id__":1},"_materials":[{"__uuid__":"ecpdLyjvZBwrvm+cedCcQy"}]},{"__type__":"fabe4c4MbhMSoihtJT7rMs9","node":{"__id__":1},"icon_pic":{"__id__":4},"label_name":{"__id__":10},"label_menpiao":{"__id__":12},"label_pic":{"__id__":7}}],"_prefab":{"__type__":"cc.PrefabInfo","root":{"__id__":1},"asset":{"__uuid__":"c9SUxbZaNJg62Rt2WvJrOQ"},"fileId":"edoAgxzatFFKSsH4HcOudz"},"_contentSize":{"__type__":"cc.Size","width":310,"height":447},"_trs":{"__type__":"TypedArray","ctor":"Float64Array","array":[-460.2,-245.4,0,0,0,0,1,1,1,1]}},{"__type__":"cc.Node","_name":"icon_bottom","_parent":{"__id__":1},"_components":[{"__type__":"cc.Sprite","node":{"__id__":2},"_materials":[{"__uuid__":"ecpdLyjvZBwrvm+cedCcQy"}],"_spriteFrame":{"__uuid__":"edXQS19YdLZovFdJv8YL6A"},"_sizeMode":0}],"_prefab":{"__type__":"cc.PrefabInfo","root":{"__id__":1},"asset":{"__uuid__":"c9SUxbZaNJg62Rt2WvJrOQ"},"fileId":"eaGtEOITdH27fE0L4OoWEH"},"_contentSize":{"__type__":"cc.Size","width":114,"height":34},"_trs":{"__type__":"TypedArray","ctor":"Float64Array","array":[-6.77,-148.438,0,0,0,0,1,1,1,1]}},{"__type__":"cc.Node","_name":"icon_pic","_parent":{"__id__":1},"_components":[{"__id__":4}],"_prefab":{"__type__":"cc.PrefabInfo","root":{"__id__":1},"asset":{"__uuid__":"c9SUxbZaNJg62Rt2WvJrOQ"},"fileId":"4cLz7i3QREm60cTbv2M6sO"},"_contentSize":{"__type__":"cc.Size","width":310,"height":447},"_trs":{"__type__":"TypedArray","ctor":"Float64Array","array":[-1.527,-6.566,0,0,0,0,1,1,1,1]}},{"__type__":"cc.Sprite","node":{"__id__":3},"_materials":[{"__uuid__":"ecpdLyjvZBwrvm+cedCcQy"}],"_spriteFrame":{"__uuid__":"20OGT5PVxPYakVjXewjjzM"}},{"__type__":"cc.Node","_name":"icon_name","_parent":{"__id__":1},"_active":false,"_components":[{"__type__":"cc.Sprite","node":{"__id__":5},"_materials":[{"__uuid__":"ecpdLyjvZBwrvm+cedCcQy"}],"_spriteFrame":{"__uuid__":"30p7N47bdCfpV8mTWM24+/"},"_sizeMode":0}],"_prefab":{"__type__":"cc.PrefabInfo","root":{"__id__":1},"asset":{"__uuid__":"c9SUxbZaNJg62Rt2WvJrOQ"},"fileId":"e17IM5R6hM6LCKbwRpKK8b"},"_contentSize":{"__type__":"cc.Size","width":180,"height":107},"_trs":{"__type__":"TypedArray","ctor":"Float64Array","array":[-7.062,132.352,0,0,0,0,1,1,1,1]}},{"__type__":"cc.Node","_name":"label_pic","_parent":{"__id__":1},"_components":[{"__id__":7}],"_prefab":{"__type__":"cc.PrefabInfo","root":{"__id__":1},"asset":{"__uuid__":"c9SUxbZaNJg62Rt2WvJrOQ"},"fileId":"5b4BvQvGhPdIc2jmZ16E4Z"},"_contentSize":{"__type__":"cc.Size","width":220,"height":114.1},"_trs":{"__type__":"TypedArray","ctor":"Float64Array","array":[1.948,-22.879,0,0,0,0,1,1,1,1]}},{"__type__":"cc.Label","node":{"__id__":6},"_materials":[{"__uuid__":"ecpdLyjvZBwrvm+cedCcQy"}],"_useOriginalSize":false,"_string":"1-10个水晶星钻\n1-10个水晶星钻\n","_N$string":"1-10个水晶星钻\n1-10个水晶星钻\n","_fontSize":30,"_lineHeight":35,"_N$horizontalAlign":1,"_N$verticalAlign":1,"_N$overflow":3},{"__type__":"cc.Node","_name":"icon_name","_parent":{"__id__":1},"_components":[{"__type__":"cc.Sprite","node":{"__id__":8},"_materials":[{"__uuid__":"ecpdLyjvZBwrvm+cedCcQy"}],"_spriteFrame":{"__uuid__":"05pKGmlsBN1LkiYhAlP63c"},"_sizeMode":0}],"_prefab":{"__type__":"cc.PrefabInfo","root":{"__id__":1},"asset":{"__uuid__":"c9SUxbZaNJg62Rt2WvJrOQ"},"fileId":"95ic93yQdBc6mQ0xph9U68"},"_contentSize":{"__type__":"cc.Size","width":180,"height":50},"_trs":{"__type__":"TypedArray","ctor":"Float64Array","array":[-1.031,-166.885,0,0,0,0,1,1,1,1]}},{"__type__":"cc.Node","_name":"label_name","_parent":{"__id__":1},"_components":[{"__id__":10},{"__type__":"cc.LabelOutline","node":{"__id__":9},"_color":{"__type__":"cc.Color","g":211,"b":160},"_width":2}],"_prefab":{"__type__":"cc.PrefabInfo","root":{"__id__":1},"asset":{"__uuid__":"c9SUxbZaNJg62Rt2WvJrOQ"},"fileId":"47wjTHUNpOmo6f84Z3e5Bl"},"_contentSize":{"__type__":"cc.Size","width":214,"height":98.5},"_trs":{"__type__":"TypedArray","ctor":"Float64Array","array":[-4.464,132.806,0,0,0,0,1,1,1,1]}},{"__type__":"cc.Label","node":{"__id__":9},"_materials":[{"__uuid__":"ecpdLyjvZBwrvm+cedCcQy"}],"_useOriginalSize":false,"_string":"新手房","_N$string":"新手房","_fontSize":70,"_lineHeight":75,"_N$file":{"__uuid__":"ef7bZK2U5CBo7XTkVk3rw0"},"_isSystemFontUsed":false,"_N$horizontalAlign":1,"_N$verticalAlign":1},{"__type__":"cc.Node","_name":"label_menpiao","_parent":{"__id__":1},"_components":[{"__id__":12}],"_prefab":{"__type__":"cc.PrefabInfo","root":{"__id__":1},"asset":{"__uuid__":"c9SUxbZaNJg62Rt2WvJrOQ"},"fileId":"481jcnmW1OYoifT7vU3jP1"},"_contentSize":{"__type__":"cc.Size","width":156.06,"height":44.1},"_trs":{"__type__":"TypedArray","ctor":"Float64Array","array":[-1.038,-163.83,0,0,0,0,1,1,1,1]}},{"__type__":"cc.Label","node":{"__id__":11},"_materials":[{"__uuid__":"ecpdLyjvZBwrvm+cedCcQy"}],"_useOriginalSize":false,"_string":"门票：0.001砖","_N$string":"门票：0.001砖","_fontSize":24,"_lineHeight":35,"_N$horizontalAlign":1,"_N$verticalAlign":1},{"__type__":"cc.Node","_name":"btn_buy","_parent":{"__id__":1},"_children":[{"__id__":14},{"__id__":15}],"_components":[{"__type__":"cc.Sprite","node":{"__id__":13},"_materials":[{"__uuid__":"ecpdLyjvZBwrvm+cedCcQy"}],"_spriteFrame":{"__uuid__":"7dFDYDmx5Bd4NP02Gsw8p2"},"_sizeMode":0},{"__type__":"cc.Button","node":{"__id__":13},"_normalMaterial":{"__uuid__":"ecpdLyjvZBwrvm+cedCcQy"},"zoomScale":0.9,"clickEvents":[{"__type__":"cc.ClickEvent","target":{"__id__":1},"_componentId":"fabe4c4MbhMSoihtJT7rMs9","handler":"buy"}],"_N$transition":3,"transition":3}],"_prefab":{"__type__":"cc.PrefabInfo","root":{"__id__":1},"asset":{"__uuid__":"c9SUxbZaNJg62Rt2WvJrOQ"},"fileId":"9e0AlFCOBEE6jDtWoy94gE"},"_opacity":0,"_contentSize":{"__type__":"cc.Size","width":310,"height":447},"_trs":{"__type__":"TypedArray","ctor":"Float64Array","array":[-0.849,-8.718,0,0,0,0,1,1,1,1]}},{"__type__":"cc.Node","_name":"diamond@2x","_parent":{"__id__":13},"_active":false,"_components":[{"__type__":"cc.Sprite","node":{"__id__":14},"_materials":[{"__uuid__":"ecpdLyjvZBwrvm+cedCcQy"}],"_spriteFrame":{"__uuid__":"2aUZQvkPRJJ56iDlgmmmiu"}}],"_prefab":{"__type__":"cc.PrefabInfo","root":{"__id__":1},"asset":{"__uuid__":"c9SUxbZaNJg62Rt2WvJrOQ"},"fileId":"7a1SIrKypHR6ss7LvgSH3n"},"_contentSize":{"__type__":"cc.Size","width":57,"height":55},"_trs":{"__type__":"TypedArray","ctor":"Float64Array","array":[58,0,0,0,0,0,1,0.75,0.75,1]}},{"__type__":"cc.Node","_name":"label_fee","_parent":{"__id__":13},"_active":false,"_components":[{"__type__":"cc.Label","node":{"__id__":15},"_materials":[{"__uuid__":"ecpdLyjvZBwrvm+cedCcQy"}],"_useOriginalSize":false,"_string":"30","_N$string":"30","_fontSize":30,"_lineHeight":35,"_N$horizontalAlign":1,"_N$verticalAlign":1}],"_prefab":{"__type__":"cc.PrefabInfo","root":{"__id__":1},"asset":{"__uuid__":"c9SUxbZaNJg62Rt2WvJrOQ"},"fileId":"1bDDBK3KJJibJjeN7IOO9n"},"_color":{"__type__":"cc.Color","r":17,"g":110,"b":57},"_contentSize":{"__type__":"cc.Size","width":33.37,"height":44.1},"_trs":{"__type__":"TypedArray","ctor":"Float64Array","array":[-13,0,0,0,0,0,1,1,1,1]}}],{"__type__":"cc.SpriteFrame","content":{"name":"圆角矩形 549@2x","texture":"b7+Gq4+hpKsr3bJTkZO1u/","rect":[4,5,104,104],"offset":[-0.5,2.5],"originalSize":[113,119],"capInsets":[28.5,27.5,27.5,21.5]}}]